ticker,date,book_value_per_share
MMM,2025-12-31,9.015136400595512
MMM,2024-12-31,7.366259900273917
MMM,2023-12-31,9.216452717495242
MMM,2022-12-31,28.226464927598283
MMM,2021-12-31,
AOS,2025-12-31,16.594402568684906
AOS,2024-12-31,16.822151366048452
AOS,2023-12-31,16.47293654342435
AOS,2022-12-31,15.609277378520243
AOS,2021-12-31,
ABT,2025-12-31,29.928583258362508
ABT,2024-12-31,27.364588383399017
ABT,2023-12-31,22.162537876895605
ABT,2022-12-31,21.061960587306483
ABT,2021-12-31,
ABBV,2025-12-31,-1.8487503140734207
ABBV,2024-12-31,1.8798455028422396
ABBV,2023-12-31,5.857202829908452
ABBV,2022-12-31,9.754843400312783
ABBV,2021-12-31,
ACN,2025-08-31,50.811941222824665
ACN,2024-08-31,46.077270952474734
ACN,2023-08-31,41.84915404368629
ACN,2022-08-31,36.006976833415386
ACN,2021-08-31,
ADBE,2025-11-30,28.755566551212272
ADBE,2024-11-30,34.896091044037604
ADBE,2023-11-30,40.86590796635329
ADBE,2022-11-30,34.7624938149431
ADBE,2021-11-30,
AMD,2025-12-31,38.635456465070106
AMD,2024-12-31,35.30478194544605
AMD,2023-12-31,34.27693983627833
AMD,2022-12-31,33.57658441344447
AMD,2021-12-31,
AES,2025-12-31,5.697197023794931
AES,2024-12-31,5.109669198796143
AES,2023-12-31,3.488709376126456
AES,2022-12-31,3.417196442773381
AES,2021-12-31,
AFL,2025-12-31,57.76350067576832
AFL,2024-12-31,51.11942491136662
AFL,2023-12-31,43.0630912972793
AFL,2022-12-31,39.44919985113509
AFL,2021-12-31,
A,2025-10-31,23.85330761460105
A,2024-10-31,20.87031720974885
A,2023-10-31,20.682774515256362
A,2022-10-31,18.771962156276306
A,2021-10-31,
APD,2025-09-30,67.47284764517026
APD,2024-09-30,76.50641061883562
APD,2023-09-30,64.27544416672042
APD,2022-09-30,59.026223765091146
APD,2021-09-30,
ABNB,2025-12-31,19.572793219665495
ABNB,2024-12-31,20.0812704675968
ABNB,2023-12-31,19.491627837366604
ABNB,2022-12-31,13.272927222995508
ABNB,2021-12-31,
AKAM,2025-12-31,33.80836810279869
AKAM,2024-12-31,33.135823950608604
AKAM,2023-12-31,31.225783343379767
AKAM,2022-12-31,29.61619840936862
AKAM,2021-12-31,
ALB,2025-12-31,80.8687483621482
ALB,2024-12-31,84.50063661448623
ALB,2023-12-31,79.84077143372188
ALB,2022-12-31,67.71429124258748
ALB,2021-12-31,
ARE,2025-12-31,88.77096551846026
ARE,2024-12-31,102.65160600697266
ARE,2023-12-31,105.99202453579365
ARE,2022-12-31,108.86809899243401
ARE,2021-12-31,
ALGN,2025-12-31,56.53869125849874
ALGN,2024-12-31,53.785696258339904
ALGN,2023-12-31,50.69292290163232
ALGN,2022-12-31,50.28616349896027
ALGN,2021-12-31,
ALLE,2025-12-31,24.059804323133505
ALLE,2024-12-31,17.46302396388395
ALLE,2023-12-31,15.34051075603932
ALLE,2022-12-31,10.95933628918898
ALLE,2021-12-31,
LNT,2025-12-31,28.39592639179619
LNT,2024-12-31,27.118225858759274
LNT,2023-12-31,26.239322764821758
LNT,2022-12-31,24.299541046483895
LNT,2021-12-31,
ALL,2025-12-31,118.9102999511345
ALL,2024-12-31,83.29548028592703
ALL,2023-12-31,69.03090591740151
ALL,2022-12-31,67.93542389890364
ALL,2021-12-31,
GOOGL,2025-12-31,71.3064697132079
GOOGL,2024-12-31,55.82120429183408
GOOGL,2023-12-31,48.65990651959386
GOOGL,2022-12-31,43.983298323287364
GOOGL,2021-12-31,
GOOG,2025-12-31,76.1116202346041
GOOG,2024-12-31,59.58284457478006
GOOG,2023-12-31,51.93896627565982
GOOG,2022-12-31,46.94721407624633
GOOG,2021-12-31,
MO,2025-12-31,-2.0971425722825594
MO,2024-12-31,-1.3402070464786888
MO,2023-12-31,-2.1198985453684354
MO,2022-12-31,-2.3791968702680206
MO,2021-12-31,
AMZN,2025-12-31,38.21333253562709
AMZN,2024-12-31,26.58427914128734
AMZN,2023-12-31,18.766658571344482
AMZN,2022-12-31,13.576416682277955
AMZN,2021-12-31,
AMCR,2025-06-30,25.38277112811073
AMCR,2024-06-30,8.399602212499808
AMCR,2023-06-30,8.713423990601449
AMCR,2022-06-30,8.834624125592429
AMCR,2021-06-30,
AEE,2025-12-31,48.43970385900335
AEE,2024-12-31,43.78767051324279
AEE,2023-12-31,41.02247586716133
AEE,2022-12-31,37.98256907323388
AEE,2021-12-31,
AEP,2025-12-31,57.22792949018448
AEP,2024-12-31,49.519857800229005
AEP,2023-12-31,46.400422874296375
AEP,2022-12-31,43.913218911965245
AEP,2021-12-31,
AXP,2025-12-31,49.058629257902
AXP,2024-12-31,44.354136220981836
AXP,2023-12-31,41.11961406132988
AXP,2022-12-31,36.2158029393564
AXP,2021-12-31,
AIG,2025-12-31,77.59056452112054
AIG,2024-12-31,80.19709749878623
AIG,2023-12-31,85.53464332135779
AIG,2022-12-31,77.2718206186419
AIG,2021-12-31,
AMT,2025-12-31,7.839781793362545
AMT,2024-12-31,7.259605744424586
AMT,2023-12-31,9.011080609142953
AMT,2022-12-31,11.960684480584106
AMT,2021-12-31,
AWK,2025-12-31,55.49452625641039
AWK,2024-12-31,52.90850284038314
AWK,2023-12-31,50.168854270928534
AWK,2022-12-31,39.39461017722295
AWK,2021-12-31,
AMP,2025-12-31,72.68590455049944
AMP,2024-12-31,58.02441731409545
AMP,2023-12-31,52.48612652608213
AMP,2022-12-31,42.20865704772475
AMP,2021-12-31,
AME,2025-12-31,46.37280448883475
AME,2024-12-31,42.12555645322656
AME,2023-12-31,38.08933968500116
AME,2022-12-31,32.61960766115969
AME,2021-12-31,
AMGN,2025-12-31,16.033333333333335
AMGN,2024-12-31,10.883333333333333
AMGN,2023-12-31,11.540740740740741
AMGN,2022-12-31,6.779629629629629
AMGN,2021-12-31,
APH,2025-12-31,10.910008918607547
APH,2024-12-31,7.964661959651766
APH,2023-12-31,6.7889145267803785
APH,2022-12-31,5.706380968559327
APH,2021-12-31,
ADI,2025-10-31,69.26560234103046
ADI,2024-10-31,72.05247332623594
ADI,2023-10-31,72.84887170676016
ADI,2022-10-31,74.69277448204932
ADI,2021-10-31,
AON,2025-12-31,43.78749693629157
AON,2024-12-31,28.659459874576633
AON,2023-12-31,-3.867458561738327
AON,2022-12-31,-2.476859054672609
AON,2021-12-31,
APA,2025-12-31,17.241066389922224
APA,2024-12-31,14.940559747052248
APA,2023-12-31,7.512724645534796
APA,2022-12-31,1.1969425706445267
APA,2021-12-31,
APO,2025-12-31,40.486085436668525
APO,2024-12-31,29.92615706434352
APO,2023-12-31,24.359992454161038
APO,2022-12-31,11.51739888177366
APO,2021-12-31,
AAPL,2025-09-30,5.020168367948595
AAPL,2024-09-30,3.8774848243618525
AAPL,2023-09-30,4.2312585056153065
AAPL,2022-09-30,3.4500423357342194
AAPL,2021-09-30,
AMAT,2025-10-31,25.72422653610984
AMAT,2024-10-31,23.9424946565086
AMAT,2023-10-31,20.6008023335224
AMAT,2022-10-31,15.365232347848316
AMAT,2021-10-31,
APP,2025-12-31,6.974831979808072
APP,2024-12-31,3.5608753941804023
APP,2023-12-31,4.104934056049057
APP,2022-12-31,6.216813919730621
APP,2021-12-31,
APTV,2025-12-31,43.507121594116434
APTV,2024-12-31,41.564965954366045
APTV,2023-12-31,54.569375493521946
APTV,2022-12-31,41.626396668032115
APTV,2021-12-31,
ACGL,2025-12-31,69.28082813961818
ACGL,2024-12-31,59.58964066210238
ACGL,2023-12-31,52.528754806511294
ACGL,2022-12-31,36.95015662573208
ACGL,2021-12-31,
ADM,2025-12-31,47.16815464976575
ADM,2024-12-31,45.99584974600832
ADM,2023-12-31,50.07090608402529
ADM,2022-12-31,50.38628722627508
ADM,2021-12-31,
ARES,2025-12-31,19.2567918409805
ARES,2024-12-31,15.960669845610449
ARES,2023-12-31,8.527916254899326
ARES,2022-12-31,7.15797203918453
ARES,2021-12-31,
ANET,2025-12-31,9.82433310933012
ANET,2024-12-31,7.937613238036675
ANET,2023-12-31,5.733191087822448
ANET,2022-12-31,3.880192651245082
ANET,2021-12-31,
AJG,2025-12-31,90.76367429225273
AJG,2024-12-31,78.43793540954768
AJG,2023-12-31,41.93670166808074
AJG,2022-12-31,35.58624125288976
AJG,2021-12-31,
AIZ,2025-12-31,117.93440765266482
AIZ,2024-12-31,102.57095843719998
AIZ,2023-12-31,96.60152830667815
AIZ,2022-12-31,84.93583173935957
AIZ,2021-12-31,
T,2025-12-31,15.907831011813343
T,2024-12-31,15.021144258863709
T,2023-12-31,14.866431020847013
T,2022-12-31,14.032130889886288
T,2021-12-31,
ATO,2025-09-30,81.95706227480439
ATO,2024-09-30,73.48734559757169
ATO,2023-09-30,65.70438377913747
ATO,2022-09-30,56.933939847513294
ADSK,2026-01-31,14.431279620853081
ADSK,2025-01-31,12.421800947867299
ADSK,2024-01-31,8.791469194312796
ADSK,2023-01-31,5.42654028436019
ADSK,2022-01-31,
ADP,2025-06-30,15.480283474910966
ADP,2024-06-30,11.376557390191516
ADP,2023-06-30,8.77858156784261
ADP,2022-06-30,8.068609937238257
ADP,2021-06-30,
AZO,2025-08-31,-207.21917214608158
AZO,2024-08-31,-288.2603560638521
AZO,2023-08-31,-264.00082054668314
AZO,2022-08-31,-214.78131095684725
AZO,2021-08-31,
AVB,2025-12-31,83.46752490229676
AVB,2024-12-31,85.83793032247928
AVB,2023-12-31,84.70377997687447
AVB,2022-12-31,80.89503780505945
AVB,2021-12-31,
AVY,2025-12-31,29.312180870837558
AVY,2024-12-31,30.229943279799155
AVY,2023-12-31,27.81918276395131
AVY,2022-12-31,26.568045120965202
AVY,2021-12-31,
AXON,2025-12-31,40.2453694916439
AXON,2024-12-31,28.889182262750897
AXON,2023-12-31,20.053628670265567
AXON,2022-12-31,15.743531692773292
AXON,2021-12-31,
BKR,2025-12-31,18.984572395998097
BKR,2024-12-31,17.03007065044005
BKR,2023-12-31,15.490862726011402
BKR,2022-12-31,14.509075877030721
BKR,2021-12-31,
BALL,2025-12-31,20.3608301931889
BALL,2024-12-31,22.017189926669122
BALL,2023-12-31,14.15605404872329
BALL,2022-12-31,12.999231377721228
BALL,2021-12-31,
BAC,2025-12-31,42.73080059327773
BAC,2024-12-31,41.42313040961111
BAC,2023-12-31,41.09663560190038
BAC,2022-12-31,38.496936548186426
BAC,2021-12-31,
BAX,2025-12-31,11.867120592064646
BAX,2024-12-31,13.483868135607471
BAX,2023-12-31,16.268159114786613
BAX,2022-12-31,11.293998109563237
BAX,2021-12-31,
BDX,2025-09-30,89.25475095235241
BDX,2024-09-30,91.00891088639037
BDX,2023-09-30,90.68549863402265
BDX,2022-09-30,88.87509309087726
BDX,2021-09-30,
BRK-B,2025-12-31,513.0619667891827
BRK-B,2024-12-31,464.39531605652763
BRK-B,2023-12-31,401.39420517949054
BRK-B,2022-12-31,338.5690211232237
BBY,2026-01-31,14.067715747109116
BBY,2025-01-31,13.327309655156006
BBY,2024-01-31,14.49012691495416
BBY,2023-01-31,13.265609147493246
BBY,2022-01-31,
TECH,2025-06-30,12.264414353134864
TECH,2024-06-30,13.22343540077124
TECH,2023-06-30,12.569348812423838
TECH,2022-06-30,10.877176045614943
TECH,2021-06-30,
BIIB,2025-12-31,123.65996011693997
BIIB,2024-12-31,113.22356017017049
BIIB,2023-12-31,100.2417298625521
BIIB,2022-12-31,90.74885958386739
BIIB,2021-12-31,
BLK,2025-12-31,359.720738842248
BLK,2024-12-31,305.6995507320457
BLK,2023-12-31,253.25529471847145
BLK,2022-12-31,242.93765328624764
BX,2025-12-31,11.675762476707881
BX,2024-12-31,11.065122807141787
BX,2023-12-31,9.184822052313654
BX,2022-12-31,10.315426712563681
BX,2021-12-31,
XYZ,2025-12-31,41.45167481011188
XYZ,2024-12-31,39.703673370850986
XYZ,2023-12-31,34.9009173909547
XYZ,2022-12-31,32.15223569088375
XYZ,2021-12-31,
BK,2025-12-31,64.5605416249623
BK,2024-12-31,60.1970631385867
BK,2023-12-31,59.398670413867556
BK,2022-12-31,59.34622125676922
BK,2021-12-31,
BA,2025-12-31,6.9186653210594145
BA,2024-12-31,-4.957488829244626
BA,2023-12-31,-21.860901994465877
BA,2022-12-31,-20.148361073411568
BA,2021-12-31,
BKNG,2025-12-31,-7.1985484959346575
BKNG,2024-12-31,-5.187910533104576
BKNG,2023-12-31,-3.5412006225967554
BKNG,2022-12-31,3.5902405729096842
BKNG,2021-12-31,
BSX,2025-12-31,16.30296738112284
BSX,2024-12-31,14.64656651894372
BSX,2023-12-31,12.972000415790255
BSX,2022-12-31,11.82355351419003
BSX,2021-12-31,
BMY,2025-12-31,9.046207387297883
BMY,2024-12-31,7.999231184513123
BMY,2023-12-31,14.41183800185009
BMY,2022-12-31,15.210536873104507
BMY,2021-12-31,
AVGO,2025-10-31,17.169524207570106
AVGO,2024-10-31,14.294137914185033
AVGO,2023-10-31,5.066458528406137
AVGO,2022-10-31,4.796323441786518
AVGO,2021-10-31,
BR,2025-06-30,22.957280790672545
BR,2024-06-30,18.747466081054263
BR,2023-06-30,19.372583360794255
BR,2022-06-30,16.593707929142344
BRO,2025-12-31,37.017494972036125
BRO,2024-12-31,18.940967380287873
BRO,2023-12-31,16.459759659599072
BRO,2022-12-31,13.59088167196793
BRO,2021-12-31,
BF-B,2025-04-30,13.756518713981512
BF-B,2024-04-30,12.116623169815421
BF-B,2023-04-30,11.258778651963832
BF-B,2022-04-30,9.42939937895502
BLDR,2025-12-31,40.46351819892392
BLDR,2024-12-31,39.94491403095333
BLDR,2023-12-31,43.99736384969429
BLDR,2022-12-31,46.137706592372794
BLDR,2021-12-31,
BG,2025-12-31,81.97172722763543
BG,2024-12-31,51.093167253995844
BG,2023-12-31,55.92776736337223
BG,2022-12-31,47.54195246150083
BG,2021-12-31,
BXP,2025-12-31,32.48587815408437
BXP,2024-12-31,34.17556696977475
BXP,2023-12-31,37.08866729865065
BXP,2022-12-31,38.69226241910377
BXP,2021-12-31,
CHRW,2025-12-31,15.65792286925114
CHRW,2024-12-31,14.609370987473115
CHRW,2023-12-31,12.035805438872105
CHRW,2022-12-31,11.482031659113371
CHRW,2021-12-31,
CDNS,2025-12-31,19.84722061084201
CDNS,2024-12-31,16.944549989848305
CDNS,2023-12-31,12.342543579777823
CDNS,2022-12-31,9.952696725353134
CDNS,2021-12-31,
CPT,2025-12-31,44.02560057263153
CPT,2024-12-31,47.18104632249866
CPT,2023-12-31,50.26467900142613
CPT,2022-12-31,50.3238470782838
CPT,2021-12-31,
CPB,2025-07-31,13.087526290096699
CPB,2024-07-31,12.725288248238563
CPB,2023-07-31,12.279198807802157
CPB,2022-07-31,11.172360346568965
CPB,2021-07-31,
COF,2025-12-31,179.1496900643821
COF,2024-12-31,95.84420117653677
COF,2023-12-31,91.59472562095031
COF,2022-12-31,82.91128892907108
COF,2021-12-31,
CAH,2025-06-30,-11.874169413911535
CAH,2024-06-30,-13.718700585004589
CAH,2023-06-30,-12.629914824289939
CAH,2022-06-30,-3.0272513895948503
CAH,2021-06-30,
CCL,2025-11-30,9.91444543836769
CCL,2024-11-30,7.467311070968566
CCL,2023-11-30,5.555285570847021
CCL,2022-11-30,5.701371098716164
CCL,2021-11-30,
CARR,2025-12-31,16.619703062758077
CARR,2024-12-31,16.953204783156803
CARR,2023-12-31,10.446911292056784
CARR,2022-12-31,9.340456125824193
CARR,2021-12-31,
CVNA,2025-12-31,24.019655156072368
CVNA,2024-12-31,8.795340161770179
CVNA,2023-12-31,1.6962441740556773
CVNA,2022-12-31,-3.615862066505518
CVNA,2021-12-31,
CASY,2025-04-30,94.93403912386229
CASY,2024-04-30,81.58712498677589
CASY,2023-04-30,71.98960578781424
CASY,2022-04-30,60.63032498417843
CAT,2025-12-31,46.28391458563446
CAT,2024-12-31,42.31728019460556
CAT,2023-12-31,42.32379355156948
CAT,2022-12-31,34.45348722016293
CAT,2021-12-31,
CBOE,2025-12-31,49.09808134601229
CBOE,2024-12-31,40.89293130576148
CBOE,2023-12-31,38.07793514661639
CBOE,2022-12-31,33.11203730578915
CBOE,2021-12-31,
CBRE,2025-12-31,30.31932150262571
CBRE,2024-12-31,28.72446645174418
CBRE,2023-12-31,28.232691018495917
CBRE,2022-12-31,26.81883664790715
CBRE,2021-12-31,
CDW,2025-12-31,20.364219070800086
CDW,2024-12-31,18.384136528863575
CDW,2023-12-31,15.960215437668998
CDW,2022-12-31,12.528280739884801
CDW,2021-12-31,
COR,2025-09-30,7.752088177020836
COR,2024-09-30,3.3204941933015997
COR,2023-09-30,2.683396750750095
COR,2022-09-30,-1.087535384263959
COR,2021-09-30,
CNC,2025-12-31,40.40729287541237
CNC,2024-12-31,53.48351650577059
CNC,2023-12-31,52.32919600564605
CNC,2022-12-31,48.71840047630909
CNC,2021-12-31,
CNP,2025-12-31,17.049098652538788
CNP,2024-12-31,16.304643255445058
CNP,2023-12-31,14.777516065102885
CNP,2022-12-31,15.355347974962084
CNP,2021-12-31,
CF,2025-12-31,31.494026218575026
CF,2024-12-31,32.45095508466236
CF,2023-12-31,37.216070254566645
CF,2022-12-31,32.880596616375044
CF,2021-12-31,
CRL,2025-12-31,64.13669015174914
CRL,2024-12-31,70.15333399808196
CRL,2023-12-31,72.89702314216946
CRL,2022-12-31,60.3197157145764
CRL,2021-12-31,
SCHW,2025-12-31,28.43623260793627
SCHW,2024-12-31,27.83212447969483
SCHW,2023-12-31,23.564819730012214
SCHW,2022-12-31,21.062086055869113
SCHW,2021-12-31,
CHTR,2025-12-31,113.71430420760846
CHTR,2024-12-31,110.40643202217473
CHTR,2023-12-31,78.52477740410785
CHTR,2022-12-31,64.5920480920133
CHTR,2021-12-31,
CVX,2025-12-31,94.30955993930198
CVX,2024-12-31,77.0450177035913
CVX,2023-12-31,81.4147698533131
CVX,2022-12-31,80.56752655538695
CVX,2021-12-31,
CMG,2025-12-31,2.206698348995193
CMG,2024-12-31,2.8498083000840393
CMG,2023-12-31,2.387250201522685
CMG,2022-12-31,1.8460748682111803
CMG,2021-12-31,
CB,2025-12-31,190.16392472186865
CB,2024-12-31,165.06209071164437
CB,2023-12-31,153.42387391602477
CB,2022-12-31,130.25057029195986
CB,2021-12-31,
CHD,2025-12-31,16.890939304619838
CHD,2024-12-31,18.40437962110494
CHD,2023-12-31,16.271382588334248
CHD,2022-12-31,14.728821418018285
CHD,2021-12-31,
CIEN,2025-10-31,19.30235758563283
CIEN,2024-10-31,19.91633188394663
CIEN,2023-10-31,20.144219850479665
CIEN,2022-10-31,19.185934791198207
CIEN,2021-10-31,
CI,2025-12-31,157.6857858215359
CI,2024-12-31,155.1152122747125
CI,2023-12-31,174.73473684532047
CI,2022-12-31,168.88290177108132
CI,2021-12-31,
CINF,2025-12-31,102.85949393128986
CINF,2024-12-31,90.08528992096815
CINF,2023-12-31,78.20967617250611
CINF,2022-12-31,68.27993054504955
CTAS,2025-05-31,11.708652384782225
CTAS,2024-05-31,10.788580274187733
CTAS,2023-05-31,9.657861541900829
CTAS,2022-05-31,8.268689100185702
CTAS,2021-05-31,
CSCO,2025-07-31,11.859308467826608
CSCO,2024-07-31,11.508412890335677
CSCO,2023-07-31,11.228911651122122
CSCO,2022-07-31,10.069386582645597
CSCO,2021-07-31,
C,2025-12-31,124.4670497185741
C,2024-12-31,122.30182926829268
C,2023-12-31,120.4579033771107
C,2022-12-31,117.9579033771107
C,2021-12-31,
CFG,2025-12-31,62.23249892283175
CFG,2024-12-31,57.35406881006047
CFG,2023-12-31,57.56216471404684
CFG,2022-12-31,56.0203632436024
CFG,2021-12-31,
CLX,2025-06-30,2.6546180417716307
CLX,2024-06-30,2.712506908726152
CLX,2023-06-30,1.8193643899992484
CLX,2022-06-30,4.598030003816282
CLX,2021-06-30,
CME,2025-12-31,79.28165514061882
CME,2024-12-31,73.09630507807857
CME,2023-12-31,73.78899363636957
CME,2022-12-31,74.17756156070172
CME,2021-12-31,
CMS,2025-12-31,29.599934548666162
CMS,2024-12-31,26.64123592908164
CMS,2023-12-31,24.42059342029063
CMS,2022-12-31,22.70817375972147
CMS,2021-12-31,
KO,2025-12-31,7.476846358608408
KO,2024-12-31,5.7771299415452955
KO,2023-12-31,6.029309937786712
KO,2022-12-31,5.6025795478334945
KO,2021-12-31,
CTSH,2025-12-31,31.74418604651163
CTSH,2024-12-31,30.46088794926004
CTSH,2023-12-31,27.964059196617335
CTSH,2022-12-31,26.023255813953487
CTSH,2021-12-31,
COHR,2025-06-30,43.35232937639212
COHR,2024-06-30,40.403307942573555
COHR,2023-06-30,38.55821735748589
COHR,2022-06-30,23.379745576654535
COHR,2021-06-30,
COIN,2025-12-31,66.32430612238511
COIN,2024-12-31,46.07596446788652
COIN,2023-12-31,28.16361642260676
COIN,2022-12-31,24.455370095216185
COIN,2021-12-31,
CL,2025-12-31,0.06748403074767395
CL,2024-12-31,0.2649373058982755
CL,2023-12-31,0.7610699023209895
CL,2022-12-31,0.5011314135151343
CL,2021-12-31,
CMCSA,2025-12-31,27.198672456663555
CMCSA,2024-12-31,24.01492642531329
CMCSA,2023-12-31,23.213025480980424
CMCSA,2022-12-31,22.719029799487306
CMCSA,2021-12-31,
FIX,2025-12-31,69.5626528445882
FIX,2024-12-31,48.42496073565843
FIX,2023-12-31,36.299460514423664
FIX,2022-12-31,28.40494734112628
FIX,2021-12-31,
CAG,2025-05-31,18.670581680324176
CAG,2024-05-31,17.641606414030267
CAG,2023-05-31,18.26112351524805
CAG,2022-05-31,18.36751157345313
CAG,2021-05-31,
COP,2025-12-31,52.93221474412128
COP,2024-12-31,53.18584810209938
COP,2023-12-31,40.449185267969554
COP,2022-12-31,39.4018190389079
COP,2021-12-31,
ED,2025-12-31,65.6585369672193
ED,2024-12-31,59.611111569825155
ED,2023-12-31,57.428827000927086
ED,2022-12-31,56.15039910049053
ED,2021-12-31,
STZ,2026-02-28,46.94360559602349
STZ,2025-02-28,39.97152995543819
STZ,2024-02-29,56.589162090791895
STZ,2023-02-28,48.86725725560517
STZ,2022-02-28,
CEG,2025-12-31,40.069592853410775
CEG,2024-12-31,36.34058410883834
CEG,2023-12-31,30.15501149848541
CEG,2022-12-31,30.411708621538878
CEG,2021-12-31,
COO,2025-10-31,42.225997078903426
COO,2024-10-31,41.42902872805932
COO,2023-10-31,38.69934806143829
COO,2022-10-31,36.77073590437954
COO,2021-10-31,
CPRT,2025-07-31,9.536959414496451
CPRT,2024-07-31,7.810594295375325
CPRT,2023-07-31,6.215496589239707
CPRT,2022-07-31,4.801784202879794
CPRT,2021-07-31,
GLW,2025-12-31,13.718895053212425
GLW,2024-12-31,12.416372705905646
GLW,2023-12-31,13.421441243301153
GLW,2022-12-31,13.95244277115057
GLW,2021-12-31,
CPAY,2025-12-31,58.72897519037307
CPAY,2024-12-31,47.213791691434054
CPAY,2023-12-31,49.63345273596031
CPAY,2022-12-31,38.430614291207625
CPAY,2021-12-31,
CTVA,2025-12-31,36.03345451940469
CTVA,2024-12-31,35.50363856701948
CTVA,2023-12-31,37.36620281653145
CTVA,2022-12-31,37.76169923169225
CTVA,2021-12-31,
CSGP,2025-12-31,20.40867727295062
CSGP,2024-12-31,18.496129042788098
CSGP,2023-12-31,17.97109659650533
CSGP,2022-12-31,16.823567658407818
CSGP,2021-12-31,
COST,2025-08-31,65.73612764619809
COST,2024-08-31,53.24437001983579
COST,2023-08-31,56.48113724312274
COST,2022-08-31,46.52740182666372
COST,2021-08-31,
CTRA,2025-12-31,19.54022606603499
CTRA,2024-12-31,17.280418279991313
CTRA,2023-12-31,17.17111522274095
CTRA,2022-12-31,16.670691587136872
CTRA,2021-12-31,
CRH,2025-12-31,35.923364622198804
CRH,2024-12-31,32.336116455251194
CRH,2023-12-31,31.209208708187546
CRH,2022-12-31,33.159223043411885
CRH,2021-12-31,
CRWD,2026-01-31,17.39785702500428
CRWD,2025-01-31,12.884178612624316
CRWD,2024-01-31,9.051549816696049
CRWD,2023-01-31,5.750220024418422
CRWD,2022-01-31,
CCI,2025-12-31,-3.7468431471496952
CCI,2024-12-31,-0.3047890755785379
CCI,2023-12-31,14.623000686215416
CCI,2022-12-31,17.070479879582923
CSX,2025-12-31,7.0796646641998855
CSX,2024-12-31,6.728237752324361
CSX,2023-12-31,6.44731149198895
CSX,2022-12-31,6.789051291439115
CMI,2025-12-31,89.49259726497027
CMI,2024-12-31,74.43343319366019
CMI,2023-12-31,64.13551589561801
CMI,2022-12-31,65.0413847642002
CMI,2021-12-31,
CVS,2025-12-31,58.948499328575
CVS,2024-12-31,59.2196746518883
CVS,2023-12-31,59.92582773369549
CVS,2022-12-31,56.013379138377516
CVS,2021-12-31,
DHR,2025-12-31,74.2246117540563
DHR,2024-12-31,69.99866638998004
DHR,2023-12-31,75.56968028852658
DHR,2022-12-31,70.76021254552572
DHR,2021-12-31,
DRI,2025-05-31,20.17985715685536
DRI,2024-05-31,19.5791674270965
DRI,2023-05-31,19.221198256746018
DRI,2022-05-31,19.19238610401049
DRI,2021-05-31,
DDOG,2025-12-31,11.283188307421444
DDOG,2024-12-31,8.206049951073814
DDOG,2023-12-31,6.123041057002012
DDOG,2022-12-31,4.264232339683148
DDOG,2021-12-31,
DVA,2025-12-31,-10.143834229181273
DVA,2024-12-31,1.8870764197242347
DVA,2023-12-31,16.453953415907144
DVA,2022-12-31,11.098013554568825
DVA,2021-12-31,
DECK,2025-03-31,17.703511894341986
DECK,2024-03-31,14.846554635787843
DECK,2023-03-31,12.439121949521216
DECK,2022-03-31,10.840615106571596
DE,2025-10-31,96.07293741899191
DE,2024-10-31,84.54418492871288
DE,2023-10-31,80.6531384074273
DE,2022-10-31,75.01463807258628
DE,2021-10-31,
DELL,2026-01-31,-7.584722711488869
DELL,2025-01-31,-4.550833626893321
DELL,2024-01-31,-6.838533392099478
DELL,2023-01-31,-9.58684384828674
DELL,2022-01-31,
DAL,2025-12-31,31.739999464835574
DAL,2024-12-31,23.277217274048358
DAL,2023-12-31,16.902733134656838
DAL,2022-12-31,10.018351147439109
DAL,2021-12-31,
DVN,2025-12-31,24.987114651217688
DVN,2024-12-31,23.32645633591265
DVN,2023-12-31,19.408139477610543
DVN,2022-12-31,17.969545937026528
DVN,2021-12-31,
DXCM,2025-12-31,7.116331444997766
DXCM,2024-12-31,5.44894337081293
DXCM,2023-12-31,5.360831473824611
DXCM,2022-12-31,5.524615941167603
DXCM,2021-12-31,
FANG,2025-12-31,131.42715378416676
FANG,2024-12-31,134.14300214214316
FANG,2023-12-31,59.098139988688
FANG,2022-12-31,53.35362304302064
FANG,2021-12-31,
DLR,2025-12-31,65.23980362661351
DLR,2024-12-31,60.728595268715765
DLR,2023-12-31,54.40297033002304
DLR,2022-12-31,50.037081032777834
DLR,2021-12-31,
DG,2026-01-31,38.6509750514834
DG,2025-01-31,33.66403706877543
DG,2024-01-31,30.646286965154754
DG,2023-01-31,25.163985848739607
DG,2022-01-31,
DLTR,2026-01-31,19.283051334349253
DLTR,2025-01-31,20.42568600421868
DLTR,2024-01-31,37.555962266166745
DLTR,2023-01-31,44.942774442077685
DLTR,2022-01-31,
D,2025-12-31,33.06932892878026
D,2024-12-31,30.545039473707117
D,2023-12-31,31.34553486846905
D,2022-12-31,31.45014506210271
D,2021-12-31,
DPZ,2025-12-31,-117.28570883116313
DPZ,2024-12-31,-119.12412020129956
DPZ,2023-12-31,-122.37336625992465
DPZ,2022-12-31,-125.94195696152983
DPZ,2021-12-31,
DASH,2025-12-31,24.389575454479065
DASH,2024-12-31,18.968589382168854
DASH,2023-12-31,16.54494673010909
DASH,2022-12-31,16.418538086270466
DASH,2021-12-31,
DOV,2025-12-31,54.99129839821821
DOV,2024-12-31,51.64059839739987
DOV,2023-12-31,37.92181329686617
DOV,2022-12-31,31.830692049617124
DOV,2021-12-31,
DOW,2025-12-31,22.21046155528524
DOW,2024-12-31,24.07937033308192
DOW,2023-12-31,25.816470399749655
DOW,2022-12-31,28.74539870704645
DOW,2021-12-31,
DHI,2025-09-30,85.30373444017641
DHI,2024-09-30,89.26170584766261
DHI,2023-09-30,80.03466737222749
DHI,2022-09-30,68.39807627496833
DTE,2025-12-31,59.140988178854286
DTE,2024-12-31,56.23753724330784
DTE,2023-12-31,53.11776959898723
DTE,2022-12-31,49.978773802775585
DTE,2021-12-31,
DUK,2025-12-31,66.49852689061984
DUK,2024-12-31,64.29867014093014
DUK,2023-12-31,62.99543139009357
DUK,2022-12-31,63.266084319647234
DUK,2021-12-31,
DD,2025-12-31,33.955297751710425
DD,2024-12-31,56.96215263326664
DD,2023-12-31,59.22844127550667
DD,2022-12-31,64.81487937101761
DD,2021-12-31,
ETN,2025-12-31,50.02575328354365
ETN,2024-12-31,47.612670615503475
ETN,2023-12-31,49.0239505536956
ETN,2022-12-31,43.87844450167396
ETN,2021-12-31,
EBAY,2025-12-31,10.394144144144144
EBAY,2024-12-31,11.617117117117116
EBAY,2023-12-31,14.405405405405405
EBAY,2022-12-31,11.605855855855856
EBAY,2021-12-31,
SATS,2025-12-31,36.38656007828187
SATS,2024-12-31,127.42318656767898
SATS,2023-12-31,125.45930523539859
SATS,2022-12-31,135.60364734215725
SATS,2021-12-31,
ECL,2025-12-31,34.59623837325193
ECL,2024-12-31,31.0076593836819
ECL,2023-12-31,28.4845006387706
ECL,2022-12-31,25.621427159770775
ECL,2021-12-31,
EIX,2025-12-31,45.68419126952937
EIX,2024-12-31,40.45022112237469
EIX,2023-12-31,40.28389833716223
EIX,2022-12-31,40.59575355943559
EIX,2021-12-31,
EW,2025-12-31,17.930359808340867
EW,2024-12-31,17.34202421332953
EW,2023-12-31,11.5342915885183
EW,2022-12-31,10.07160465669913
EW,2021-12-31,
EA,2025-03-31,25.518102902233462
EA,2024-03-31,30.0215325876104
EA,2023-03-31,29.142424751955627
EA,2022-03-31,30.469078394852826
ELV,2025-12-31,202.0699902073278
ELV,2024-12-31,190.24934245056625
ELV,2023-12-31,180.9982005170509
ELV,2022-12-31,166.8935475840705
EME,2025-12-31,82.6714900388337
EME,2024-12-31,66.1034793706736
EME,2023-12-31,55.57521489852066
EME,2022-12-31,44.409915707548
EME,2021-12-31,
EMR,2025-09-30,36.21139082306731
EMR,2024-09-30,38.62881628280664
EMR,2023-09-30,36.93804677736119
EMR,2022-09-30,18.503838600249956
EMR,2021-09-30,
ETR,2025-12-31,37.0355167681853
ETR,2024-12-31,33.018873765552826
ETR,2023-12-31,32.011504798695384
ETR,2022-12-31,28.395628931442094
ETR,2021-12-31,
EOG,2025-12-31,56.01089374615363
EOG,2024-12-31,55.1059478545019
EOG,2023-12-31,52.73844418360391
EOG,2022-12-31,46.52210425153155
EOG,2021-12-31,
EPAM,2025-12-31,69.70139951125964
EPAM,2024-12-31,68.79128066147094
EPAM,2023-12-31,65.79034311490115
EPAM,2022-12-31,56.89369679150266
EPAM,2021-12-31,
EQT,2025-12-31,37.975239736649414
EQT,2024-12-31,32.93101915654907
EQT,2023-12-31,23.619056145859645
EQT,2022-12-31,17.86229731501348
EQT,2021-12-31,
EFX,2025-12-31,38.668067931673406
EFX,2024-12-31,40.28557110992858
EFX,2023-12-31,38.078510698477594
EFX,2022-12-31,33.2276808139491
EFX,2021-12-31,
EQIX,2025-12-31,143.53468124796248
EQIX,2024-12-31,137.1670788303501
EQIX,2023-12-31,126.63214425726217
EQIX,2022-12-31,116.6646766219196
EQIX,2021-12-31,
EQR,2025-12-31,29.46979440549472
EQR,2024-12-31,29.47796422380247
EQR,2023-12-31,29.588108641288354
EQR,2022-12-31,29.82194266669195
EQR,2021-12-31,
ERIE,2025-12-31,49.435377219562
ERIE,2024-12-31,43.024423008491965
ERIE,2023-12-31,36.00061815492791
ERIE,2022-12-31,31.358242604072462
ERIE,2021-12-31,
ESS,2025-12-31,86.23127986001126
ESS,2024-12-31,86.16396142034064
ESS,2023-12-31,84.38529806982037
ESS,2022-12-31,88.9545177107641
ESS,2021-12-31,
EL,2025-06-30,15.629576465854809
EL,2024-06-30,21.48915118746506
EL,2023-06-30,22.585041283777258
EL,2022-06-30,22.605260658247964
EL,2021-06-30,
EG,2025-12-31,390.6842083370797
EG,2024-12-31,350.6555029033194
EG,2023-12-31,333.6230865760754
EG,2022-12-31,213.30953444846637
EG,2021-12-31,
EVRG,2025-12-31,44.385599462167065
EVRG,2024-12-31,43.2292020238006
EVRG,2023-12-31,41.961637576713976
EVRG,2022-12-31,41.18260002341716
EVRG,2021-12-31,
ES,2025-12-31,43.095574324593535
ES,2024-12-31,40.01482843960726
ES,2023-12-31,37.71203285755741
ES,2022-12-31,41.16894942519509
ES,2021-12-31,
EXC,2025-12-31,28.145720369183618
EXC,2024-12-31,26.311234740565045
EXC,2023-12-31,25.171644840208486
EXC,2022-12-31,24.18354416331271
EXC,2021-12-31,
EXE,2025-12-31,77.65785806209351
EXE,2024-12-31,73.42341892887676
EXE,2023-12-31,44.84826995092051
EXE,2022-12-31,38.13921288397788
EXE,2021-12-31,
EXPE,2025-12-31,11.214108466368046
EXPE,2024-12-31,13.598416574871532
EXPE,2023-12-31,13.397540800162448
EXPE,2022-12-31,19.939104072210473
EXPE,2021-12-31,
EXPD,2025-12-31,17.84246046173423
EXPD,2024-12-31,16.837938556626067
EXPD,2023-12-31,18.105420226625462
EXPD,2022-12-31,23.556482154759742
EXPD,2021-12-31,
EXR,2025-12-31,63.585659773844796
EXR,2024-12-31,66.02041657147633
EXR,2023-12-31,68.11917656182305
EXR,2022-12-31,15.429246228465068
EXR,2021-12-31,
XOM,2025-12-31,62.57884355631745
XOM,2024-12-31,63.62083512610046
XOM,2023-12-31,49.41003877626752
XOM,2022-12-31,47.057053413893435
FFIV,2025-09-30,63.666198877131414
FFIV,2024-09-30,55.46649709805592
FFIV,2023-09-30,49.63256599294918
FFIV,2022-09-30,43.761271751819024
FFIV,2021-09-30,
FDS,2025-08-31,60.01497016548514
FDS,2024-08-31,52.49521926675505
FDS,2023-08-31,44.465547277744115
FDS,2022-08-31,36.54589110021219
FICO,2025-09-30,-75.27881834370766
FICO,2024-09-30,-41.511056101042364
FICO,2023-09-30,-29.666370084894485
FICO,2022-09-30,-34.580235890740965
FICO,2021-09-30,
FAST,2025-12-31,3.4350867268504093
FAST,2024-12-31,3.149990904328313
FAST,2023-12-31,2.9169840832936025
FAST,2022-12-31,2.7553165469046594
FAST,2021-12-31,
FRT,2025-12-31,37.60575526590437
FRT,2024-12-31,36.71285427042458
FRT,2023-12-31,34.304161896538986
FRT,2022-12-31,34.19422916964953
FRT,2021-12-31,
FDX,2025-05-31,117.65802641397129
FDX,2024-05-31,115.5960562994285
FDX,2023-05-31,109.33470802478033
FDX,2022-05-31,104.51925342801275
FDX,2021-05-31,
FIS,2025-12-31,26.890750241464872
FIS,2024-12-31,30.371321482877587
FIS,2023-12-31,36.856521483553195
FIS,2022-12-31,52.659359671356995
FIS,2021-12-31,
FITB,2025-12-31,23.969682443017927
FITB,2024-12-31,21.67576926869302
FITB,2023-12-31,21.153873678767248
FITB,2022-12-31,19.11814986605467
FITB,2021-12-31,
FSLR,2025-12-31,88.76402500310763
FSLR,2024-12-31,74.24222730004271
FSLR,2023-12-31,62.23601396263419
FSLR,2022-12-31,54.31244622841632
FSLR,2021-12-31,
FE,2025-12-31,21.627465013447797
FE,2024-12-31,21.532380235211217
FE,2023-12-31,18.04363328100357
FE,2022-12-31,17.575124646419688
FE,2021-12-31,
FISV,2025-12-31,48.39033659762414
FISV,2024-12-31,50.784337431160445
FISV,2023-12-31,56.01699285806699
FISV,2022-12-31,57.83875995004486
FISV,2021-12-31,
F,2025-12-31,9.185862199536093
F,2024-12-31,11.455499880846704
F,2023-12-31,10.928651642766948
F,2022-12-31,11.048482789061518
F,2021-12-31,
FTNT,2025-12-31,1.69033812304038
FTNT,2024-12-31,2.040425929856743
FTNT,2023-12-31,-0.63297186765003
FTNT,2022-12-31,-0.38464583066518865
FTNT,2021-12-31,
FTV,2025-12-31,21.168334275177802
FTV,2024-12-31,33.42047457093572
FTV,2023-12-31,33.84788244214402
FTV,2022-12-31,31.763326017332993
FTV,2021-12-31,
FOXA,2025-06-30,59.60321974181412
FOXA,2024-06-30,53.38479320463104
FOXA,2023-06-30,51.71060144462021
FOXA,2022-06-30,56.49898918679404
FOXA,2021-06-30,
FOX,2025-06-30,53.23489858502601
FOX,2024-06-30,47.68088141113264
FOX,2023-06-30,46.185569095084425
FOX,2022-06-30,50.46234033235328
FOX,2021-06-30,
BEN,2025-09-30,23.242756452434016
BEN,2024-09-30,24.070834256461435
BEN,2023-09-30,22.933117320042633
BEN,2022-09-30,22.08194647941673
BEN,2021-09-30,
FCX,2025-12-31,13.14684970038372
FCX,2024-12-31,12.229999713341773
FCX,2023-12-31,11.61227377366556
FCX,2022-12-31,10.820638504125549
FCX,2021-12-31,
GRMN,2025-12-31,46.524631932249044
GRMN,2024-12-31,40.695594727192756
GRMN,2023-12-31,36.35900625360223
GRMN,2022-12-31,32.17080813048868
GRMN,2021-12-31,
IT,2025-12-31,4.77817735657914
IT,2024-12-31,20.300681882179607
IT,2023-12-31,10.166016376326588
IT,2022-12-31,3.4024133359403796
IT,2021-12-31,
GE,2025-12-31,17.901211011605465
GE,2024-12-31,18.538588819750117
GE,2023-12-31,26.264758009906547
GE,2022-12-31,32.29636484698066
GE,2021-12-31,
GEHC,2025-12-31,22.816415506786047
GEHC,2024-12-31,18.56705321999373
GEHC,2023-12-31,15.680652453020992
GEHC,2022-12-31,20.569727324115718
GEHC,2021-12-31,
GEV,2025-12-31,41.59720232206762
GEV,2024-12-31,35.52396612689726
GEV,2023-12-31,27.597499769230048
GEV,2022-12-31,39.63233178833603
GEN,2025-03-31,3.746302977664964
GEN,2024-03-31,3.53331351793875
GEN,2023-03-31,3.632378382927687
GEN,2022-03-31,-0.1535505407328522
GNRC,2025-12-31,44.71685037414037
GNRC,2024-12-31,42.370203606226546
GNRC,2023-12-31,39.7537699205457
GNRC,2022-12-31,38.34604345899987
GNRC,2021-12-31,
GD,2025-12-31,94.74533994978897
GD,2024-12-31,81.58482691874927
GD,2023-12-31,78.75969852433671
GD,2022-12-31,68.66097385792216
GIS,2025-05-31,17.23725641774412
GIS,2024-05-31,17.60732752637362
GIS,2023-05-31,19.580228135366006
GIS,2022-05-31,19.754114711977742
GIS,2021-05-31,
GM,2025-12-31,67.78458383324866
GM,2024-12-31,69.95057627792764
GM,2023-12-31,71.29697403923859
GM,2022-12-31,75.18533528401304
GM,2021-12-31,
GPC,2025-12-31,32.138097168640954
GPC,2024-12-31,31.51623135248149
GPC,2023-12-31,31.978648866741032
GPC,2022-12-31,27.54132992773927
GPC,2021-12-31,
GILD,2025-12-31,18.290309110058946
GILD,2024-12-31,15.573591538077677
GILD,2023-12-31,18.395851815257508
GILD,2022-12-31,17.112420293262797
GILD,2021-12-31,
GPN,2025-12-31,83.7199426060648
GPN,2024-12-31,81.49577271435162
GPN,2023-12-31,84.12390851743267
GPN,2022-12-31,81.57924112880445
GPN,2021-12-31,
GL,2025-12-31,76.16308104494952
GL,2024-12-31,67.63401232883531
GL,2023-12-31,57.19712477175758
GL,2022-12-31,50.34864433866697
GL,2021-12-31,
GDDY,2025-12-31,1.6209874635120507
GDDY,2024-12-31,5.215645855400699
GDDY,2023-12-31,0.46873742552510256
GDDY,2022-12-31,-2.500435334231978
GDDY,2021-12-31,
GS,2025-12-31,423.62324166753757
GS,2024-12-31,413.53535984438844
GS,2023-12-31,396.27816684652146
GS,2022-12-31,397.24085449362303
GS,2021-12-31,
HAL,2025-12-31,12.52217903128502
HAL,2024-12-31,12.576045588632102
HAL,2023-12-31,11.24135200103218
HAL,2022-12-31,9.514031062102413
HAL,2021-12-31,
HIG,2025-12-31,69.23336821448972
HIG,2024-12-31,59.99690220895265
HIG,2023-12-31,55.911261637783014
HIG,2022-12-31,49.88858968867492
HAS,2025-12-31,3.8050743708675197
HAS,2024-12-31,8.179673336520409
HAS,2023-12-31,7.503451205987408
HAS,2022-12-31,20.016740348734466
HAS,2021-12-31,
HCA,2025-12-31,-27.168253848047105
HCA,2024-12-31,-11.26488574187319
HCA,2023-12-31,-7.996761627084049
HCA,2022-12-31,-12.472964724995244
HCA,2021-12-31,
DOC,2025-12-31,10.787417591850646
DOC,2024-12-31,12.083591554504867
DOC,2023-12-31,9.133873908313358
DOC,2022-12-31,9.571485188839779
DOC,2021-12-31,
HSIC,2025-12-31,28.48571259801576
HSIC,2024-12-31,29.78490688599922
HSIC,2023-12-31,32.084831909321295
HSIC,2022-12-31,30.25015889453384
HSIC,2021-12-31,
HSY,2025-12-31,31.280809835222268
HSY,2024-12-31,31.80637196589637
HSY,2023-12-31,27.65357840388675
HSY,2022-12-31,22.259644882072273
HSY,2021-12-31,
HPE,2025-10-31,18.606416639682227
HPE,2024-10-31,18.70288542329691
HPE,2023-10-31,15.964076363486264
HPE,2022-10-31,14.970749357203813
HPE,2021-10-31,
HLT,2025-12-31,-23.668080525522054
HLT,2024-12-31,-16.37174018534163
HLT,2023-12-31,-10.366865263591693
HLT,2022-12-31,-4.840798949355104
HLT,2021-12-31,
HD,2026-01-31,12.864100607133944
HD,2025-01-31,6.666481544631966
HD,2024-01-31,1.0481636645475563
HD,2023-01-31,1.568229544083604
HD,2022-01-31,
HON,2025-12-31,21.94260484654854
HON,2024-12-31,29.383584553933208
HON,2023-12-31,25.02315466390058
HON,2022-12-31,26.3503792522167
HON,2021-12-31,
HRL,2025-10-31,14.35834592287327
HRL,2024-10-31,14.5259847517303
HRL,2023-10-31,14.056163890598445
HRL,2022-10-31,13.693440415236195
HRL,2021-10-31,
HST,2025-12-31,9.541222591050401
HST,2024-12-31,9.615422400770372
HST,2023-12-31,9.650339958285652
HST,2022-12-31,9.76236712198051
HST,2021-12-31,
HWM,2025-12-31,13.35866956954491
HWM,2024-12-31,11.364726549543718
HWM,2023-12-31,10.074528124837064
HWM,2022-12-31,8.98646910516182
HWM,2021-12-31,
HPQ,2025-10-31,-0.3783280572004993
HPQ,2024-10-31,-1.4466127736308108
HPQ,2023-10-31,-1.1688806160327565
HPQ,2022-10-31,-3.3076369162760413
HPQ,2021-10-31,
HUBB,2025-12-31,72.81927706556878
HUBB,2024-12-31,64.27111639337943
HUBB,2023-12-31,54.445557347550974
HUBB,2022-12-31,44.67866400480816
HUBB,2021-12-31,
HUM,2025-12-31,147.0662951903816
HUM,2024-12-31,136.3884342607747
HUM,2023-12-31,135.44724995106674
HUM,2022-12-31,127.52630943308222
HUM,2021-12-31,
HBAN,2025-12-31,12.008106510801714
HBAN,2024-12-31,9.737902494586551
HBAN,2023-12-31,9.546992248112135
HBAN,2022-12-31,8.746846460563026
HBAN,2021-12-31,
HII,2025-12-31,128.7431800438478
HII,2024-12-31,118.41428702633429
HII,2023-12-31,103.8726268321445
HII,2022-12-31,88.54424505676818
HII,2021-12-31,
IBM,2025-12-31,34.73615418256151
IBM,2024-12-31,29.053545768904904
IBM,2023-12-31,23.974202468624682
IBM,2022-12-31,23.34753024326543
IBM,2021-12-31,
IEX,2025-12-31,54.41460745038725
IEX,2024-12-31,51.269301276718686
IEX,2023-12-31,47.84702441335852
IEX,2022-12-31,41.06326913071682
IEX,2021-12-31,
IDXX,2025-12-31,20.35144531843789
IDXX,2024-12-31,20.223787896902547
IDXX,2023-12-31,18.81939145897309
IDXX,2022-12-31,7.716960855328557
IDXX,2021-12-31,
ITW,2025-12-31,11.194881765316984
ITW,2024-12-31,11.510768351563136
ITW,2023-12-31,10.455498876630932
ITW,2022-12-31,10.719316245363983
ITW,2021-12-31,
INCY,2025-12-31,25.865563418314313
INCY,2024-12-31,17.256936686862748
INCY,2023-12-31,25.977480321002645
INCY,2022-12-31,21.874421166394967
INCY,2021-12-31,
IR,2025-12-31,25.782903942029645
IR,2024-12-31,26.010840574235342
IR,2023-12-31,25.000968858454044
IR,2022-12-31,23.498426933151915
IR,2021-12-31,
PODD,2025-12-31,21.87725596118048
PODD,2024-12-31,17.492564721551027
PODD,2023-12-31,10.578410507989798
PODD,2022-12-31,6.878060278430926
PODD,2021-12-31,
INTC,2025-12-31,22.737962594508556
INTC,2024-12-31,19.751293274970156
INTC,2023-12-31,21.00875447672105
INTC,2022-12-31,20.17966573816156
INTC,2021-12-31,
IBKR,2025-12-31,12.035012789708851
IBKR,2024-12-31,9.604671776981892
IBKR,2023-12-31,8.042790572126892
IBKR,2022-12-31,6.391146079636548
IBKR,2021-12-31,
ICE,2025-12-31,51.13061206543279
ICE,2024-12-31,48.888398124607306
ICE,2023-12-31,45.4755646026884
ICE,2022-12-31,40.15119064699004
ICE,2021-12-31,
IFF,2025-12-31,55.43990386687767
IFF,2024-12-31,54.18649357739054
IFF,2023-12-31,57.229930436551484
IFF,2022-12-31,69.15299581529781
IFF,2021-12-31,
IP,2025-12-31,28.000990955957533
IP,2024-12-31,15.434821547382539
IP,2023-12-31,15.778531020235057
IP,2022-12-31,16.046699949603504
IP,2021-12-31,
INTU,2025-07-31,71.27101789911409
INTU,2024-07-31,66.66425601157114
INTU,2023-07-31,62.44440426685952
INTU,2022-07-31,59.45037063822094
INTU,2021-07-31,
ISRG,2025-12-31,50.32713172094999
ISRG,2024-12-31,46.40153638703859
ISRG,2023-12-31,37.57480577253782
ISRG,2022-12-31,31.177466099055078
ISRG,2021-12-31,
IVZ,2025-12-31,27.59100611162103
IVZ,2024-12-31,32.84459896039498
IVZ,2023-12-31,32.92964359537234
IVZ,2022-12-31,34.31923232603693
IVZ,2021-12-31,
INVH,2025-12-31,16.042860110709082
INVH,2024-12-31,16.42436851716245
INVH,2023-12-31,17.09638670706956
INVH,2022-12-31,17.324267917534094
IQV,2025-12-31,38.96345116836429
IQV,2024-12-31,36.35110844817256
IQV,2023-12-31,36.620730976632714
IQV,2022-12-31,34.541641701617735
IQV,2021-12-31,
IRM,2025-12-31,-3.2972289784591013
IRM,2024-12-31,-1.6910260967559865
IRM,2023-12-31,0.7113628331224058
IRM,2022-12-31,2.139882976632786
IRM,2021-12-31,
JBHT,2025-12-31,37.80609895504631
JBHT,2024-12-31,42.57199289372573
JBHT,2023-12-31,43.518480214514646
JBHT,2022-12-31,38.884400751510064
JBHT,2021-12-31,
JBL,2025-08-31,14.340875812546157
JBL,2024-08-31,16.46404579404671
JBL,2023-08-31,27.165201638306204
JBL,2022-08-31,23.23165011007973
JKHY,2025-06-30,29.526253472345008
JKHY,2024-06-30,25.529045205029508
JKHY,2023-06-30,22.28860556477548
JKHY,2022-06-30,19.144705402031565
JKHY,2021-06-30,
J,2025-09-30,30.833163089851322
J,2024-09-30,38.52839713362906
J,2023-09-30,55.438442323926125
J,2022-09-30,51.32123042546118
J,2021-09-30,
JNJ,2025-12-31,33.874802721304015
JNJ,2024-12-31,29.69819541040449
JNJ,2023-12-31,28.569921543644682
JNJ,2022-12-31,31.905723881671655
JNJ,2021-12-31,
JCI,2025-09-30,21.120264234944546
JCI,2024-09-30,26.301076325066703
JCI,2023-09-30,27.03138947684362
JCI,2022-09-30,26.578824056167544
JCI,2021-09-30,
JPM,2025-12-31,135.26271900364785
JPM,2024-12-31,128.66450117884887
JPM,2023-12-31,122.36484524657473
JPM,2022-12-31,109.09899395696473
KVUE,2025-12-31,5.607015243711871
KVUE,2024-12-31,5.0356361705718875
KVUE,2023-12-31,5.839317036437881
KVUE,2022-12-31,10.40149506892021
KVUE,2021-12-31,
KDP,2025-12-31,18.75404974487881
KDP,2024-12-31,17.818405234562512
KDP,2023-12-31,18.871648426458236
KDP,2022-12-31,18.46740295852896
KDP,2021-12-31,
KEY,2025-12-31,18.79774683958604
KEY,2024-12-31,16.764037415058922
KEY,2023-12-31,13.499956846622878
KEY,2022-12-31,12.40885559981309
KEY,2021-12-31,
KEYS,2025-10-31,34.29104631976345
KEYS,2024-10-31,29.76633080469179
KEYS,2023-10-31,27.136631452504524
KEYS,2022-10-31,24.262037703882967
KMB,2025-12-31,4.524909274589953
KMB,2024-12-31,2.530575093645513
KMB,2023-12-31,2.756519298435291
KMB,2022-12-31,1.6478864002667803
KIM,2025-12-31,15.409242730649162
KIM,2024-12-31,15.795830729300244
KIM,2023-12-31,14.124568777577226
KIM,2022-12-31,14.109804319220775
KIM,2021-12-31,
KMI,2025-12-31,14.00649012712774
KMI,2024-12-31,13.722872410992139
KMI,2023-12-31,13.62174089572984
KMI,2022-12-31,13.817711298638116
KMI,2021-12-31,
KKR,2025-12-31,34.74486400050568
KKR,2024-12-31,26.592311024277638
KKR,2023-12-31,25.700854186783264
KKR,2022-12-31,21.14625084206447
KKR,2021-12-31,
KLAC,2025-06-30,35.92239188248853
KLAC,2024-06-30,25.78574540965223
KLAC,2023-06-30,22.351744698576955
KLAC,2022-06-30,10.727838890856697
KLAC,2021-06-30,
KHC,2025-12-31,35.13689027245642
KHC,2024-12-31,41.479645450527286
KHC,2023-12-31,41.767224165554836
KHC,2022-12-31,41.05207240501713
KHC,2021-12-31,
KR,2026-01-31,9.67554028199794
KR,2025-01-31,13.524861015075574
KR,2024-01-31,18.96092464575773
KR,2023-01-31,16.393078372165228
KR,2022-01-31,
LHX,2025-12-31,105.39738138152762
LHX,2024-12-31,104.74787370914845
LHX,2023-12-31,100.72736753880142
LHX,2022-12-31,99.42835219404309
LHX,2021-12-31,
LH,2025-12-31,105.11951219512196
LH,2024-12-31,98.19756097560976
LH,2023-12-31,96.03658536585365
LH,2022-12-31,123.12926829268292
LH,2021-12-31,
LRCX,2025-06-30,7.885693015430551
LRCX,2024-06-30,6.828443966795968
LRCX,2023-06-30,6.565138644667116
LRCX,2022-06-30,5.020399481516843
LRCX,2021-06-30,
LVS,2025-12-31,2.3995026238523463
LVS,2024-12-31,4.352305388169916
LVS,2023-12-31,6.21456088366287
LVS,2022-12-31,5.856899171805633
LVS,2021-12-31,
LDOS,2025-12-31,39.08241672372546
LDOS,2024-12-31,35.07559450469421
LDOS,2023-12-31,33.39813520267914
LDOS,2022-12-31,34.177239523046325
LDOS,2021-12-31,
LEN,2025-11-30,102.02085259380362
LEN,2024-11-30,129.48134891761504
LEN,2023-11-30,123.49061925411876
LEN,2022-11-30,111.96807082523932
LEN,2021-11-30,
LII,2025-12-31,33.422444526385775
LII,2024-12-31,27.646577146277835
LII,2023-12-31,8.198283400720369
LII,2022-12-31,-5.836212263183691
LII,2021-12-31,
LLY,2025-12-31,29.75638433010029
LLY,2024-12-31,16.00463980249449
LLY,2023-12-31,12.079623002276515
LLY,2022-12-31,11.942699899706126
LLY,2021-12-31,
LIN,2025-12-31,82.71920085357478
LIN,2024-12-31,82.38828079263617
LIN,2023-12-31,85.90944327112014
LIN,2022-12-31,86.57560914542792
LIN,2021-12-31,
LYV,2025-12-31,1.1645556289321242
LYV,2024-12-31,0.7445357571415743
LYV,2023-12-31,-0.22476202522921826
LYV,2022-12-31,-1.5794962785867226
LYV,2021-12-31,
LMT,2025-12-31,29.15030718984932
LMT,2024-12-31,27.467474398648378
LMT,2023-12-31,29.64474775221248
LMT,2022-12-31,40.188475884711174
LMT,2021-12-31,
L,2025-12-31,90.8106251813898
L,2024-12-31,82.93771429656418
L,2023-12-31,76.31863736747006
L,2022-12-31,69.73357918911283
L,2021-12-31,
LOW,2026-01-31,-17.70693992397743
LOW,2025-01-31,-25.409646269852054
LOW,2024-01-31,-26.87198203648889
LOW,2023-01-31,-25.450713086253334
LOW,2022-01-31,
LULU,2026-01-31,44.91057244624363
LULU,2025-01-31,39.13778478436677
LULU,2024-01-31,38.305382750929326
LULU,2023-01-31,28.500388083485056
LULU,2022-01-31,
LITE,2025-06-30,14.584832904884319
LITE,2024-06-30,12.304627249357326
LITE,2023-06-30,17.426735218509
LITE,2022-06-30,24.10025706940874
LITE,2021-06-30,
LYB,2025-12-31,31.23443496512148
LYB,2024-12-31,38.60776914653282
LYB,2023-12-31,40.05765166623892
LYB,2022-12-31,39.08176920105212
LYB,2021-12-31,
MTB,2025-12-31,199.23512612852903
MTB,2024-12-31,198.2108512229774
MTB,2023-12-31,184.07585752636518
MTB,2022-12-31,172.88394705837123
MTB,2021-12-31,
MPC,2025-12-31,59.3073904547814
MPC,2024-12-31,60.7837382245637
MPC,2023-12-31,83.59348253774317
MPC,2022-12-31,94.93498477846057
MPC,2021-12-31,
MAR,2025-12-31,-14.233841512678312
MAR,2024-12-31,-11.29346428160528
MAR,2023-12-31,-2.574245534777674
MAR,2022-12-31,2.1439464277913767
MAR,2021-12-31,
MRSH,2025-12-31,31.341163024191513
MRSH,2024-12-31,27.692304441639944
MRSH,2023-12-31,25.30331910118667
MRSH,2022-12-31,21.83503543142349
MRSH,2021-12-31,
MLM,2025-12-31,167.07218977482225
MLM,2024-12-31,157.429566381718
MLM,2023-12-31,133.79764480172668
MLM,2022-12-31,119.41697934413507
MLM,2021-12-31,
MAS,2025-12-31,-0.9220042089293857
MAS,2024-12-31,-1.387963325270043
MAS,2023-12-31,-0.6245834963715193
MAS,2022-12-31,-2.3793657004629307
MAS,2021-12-31,
MA,2025-12-31,8.821756428465903
MA,2024-12-31,7.3942213310845775
MA,2023-12-31,7.900471796929073
MA,2022-12-31,7.1810032294789
MA,2021-12-31,
MKC,2025-11-30,22.58580314724239
MKC,2024-11-30,20.83177624894265
MKC,2023-11-30,19.925036866948414
MKC,2022-11-30,18.428109758680034
MKC,2021-11-30,
MCD,2025-12-31,-2.51819136164109
MCD,2024-12-31,-5.340253859658981
MCD,2023-12-31,-6.620451702727915
MCD,2022-12-31,-8.445648056131908
MCD,2021-12-31,
MCK,2025-03-31,-16.932346117140355
MCK,2024-03-31,-16.091443682200403
MCK,2023-03-31,-15.160736132849392
MCK,2022-03-31,-18.548838176539483
MDT,2025-04-30,37.405220363652454
MDT,2024-04-30,39.11098066259463
MDT,2023-04-30,40.099386972803586
MDT,2022-04-30,40.93123720078086
MRK,2025-12-31,21.299489826283864
MRK,2024-12-31,18.751535420383316
MRK,2023-12-31,15.216061421920958
MRK,2022-12-31,18.621161780036903
MRK,2021-12-31,
META,2025-12-31,98.92463124950392
META,2024-12-31,83.16630629072351
META,2023-12-31,69.74718595869149
META,2022-12-31,57.24516862807495
META,2021-12-31,
MET,2025-12-31,44.01527432005139
MET,2024-12-31,42.53817887575922
MET,2023-12-31,46.521531752811555
MET,2022-12-31,46.31383942381349
MET,2021-12-31,
MTD,2025-12-31,-1.1672960546963838
MTD,2024-12-31,-6.266635487410058
MTD,2023-12-31,-7.404892361189135
MTD,2022-12-31,1.2244360756510173
MTD,2021-12-31,
MGM,2025-12-31,9.497382336262712
MGM,2024-12-31,11.817339869397152
MGM,2023-12-31,14.89603909865825
MGM,2022-12-31,18.88413397730912
MGM,2021-12-31,
MCHP,2025-03-31,13.080458682491289
MCHP,2024-03-31,12.30338892337009
MCHP,2023-03-31,12.036912206924722
MCHP,2022-03-31,10.893390763537806
MU,2025-08-31,48.02994105921521
MU,2024-08-31,40.01918711240546
MU,2023-08-31,39.122699151344506
MU,2022-08-31,44.25422816287738
MU,2021-08-31,
MSFT,2025-06-30,46.238408720890604
MSFT,2024-06-30,36.1417998135506
MSFT,2023-06-30,27.76129941466064
MSFT,2022-06-30,22.419528021202353
MSFT,2021-06-30,
MAA,2025-12-31,48.83157338704756
MAA,2024-12-31,51.24690593192744
MAA,2023-12-31,52.52608497800254
MAA,2022-12-31,51.77445763064494
MAA,2021-12-31,
MRNA,2025-12-31,21.800150090379013
MRNA,2024-12-31,27.47322961100828
MRNA,2023-12-31,34.915523624521484
MRNA,2022-12-31,48.194713315412464
MRNA,2021-12-31,
TAP,2025-12-31,58.38698543290857
TAP,2024-12-31,74.72173524547786
TAP,2023-12-31,75.31300741646496
TAP,2022-12-31,72.4234215074807
TAP,2021-12-31,
MDLZ,2025-12-31,20.128543380266546
MDLZ,2024-12-31,20.9808007708545
MDLZ,2023-12-31,22.071440941625195
MDLZ,2022-12-31,20.942628364877528
MDLZ,2021-12-31,
MPWR,2025-12-31,71.8806635456951
MPWR,2024-12-31,60.06767759006717
MPWR,2023-12-31,41.72479136983513
MPWR,2022-12-31,33.96299613270914
MPWR,2021-12-31,
MNST,2025-12-31,8.44059430487892
MNST,2024-12-31,6.092321619837617
MNST,2023-12-31,8.414657252207821
MNST,2022-12-31,7.183758809085235
MNST,2021-12-31,
MCO,2025-12-31,23.208625309842876
MCO,2024-12-31,20.409163598813482
MCO,2023-12-31,18.995120566862028
MCO,2022-12-31,14.42094897767494
MCO,2021-12-31,
MS,2025-12-31,70.77478892640606
MS,2024-12-31,66.26006848831538
MS,2023-12-31,62.790181540180264
MS,2022-12-31,63.48948453740172
MOS,2025-12-31,38.02116595574311
MOS,2024-12-31,36.125597726934
MOS,2023-12-31,38.66707493063856
MOS,2022-12-31,37.92583696431918
MOS,2021-12-31,
MSI,2025-12-31,14.500286639379935
MSI,2024-12-31,10.246468110731962
MSI,2023-12-31,4.356102708261856
MSI,2022-12-31,0.6979391079535571
MSI,2021-12-31,
MSCI,2025-12-31,-36.499764766032676
MSCI,2024-12-31,-12.924902009680178
MSCI,2023-12-31,-10.17171034619158
MSCI,2022-12-31,-13.858907909394278
MSCI,2021-12-31,
NDAQ,2025-12-31,21.620014052460988
NDAQ,2024-12-31,19.78813913969828
NDAQ,2023-12-31,19.125057004287072
NDAQ,2022-12-31,10.876315239771614
NDAQ,2021-12-31,
NTAP,2025-04-30,5.2703486132901975
NTAP,2024-04-30,5.807518760414006
NTAP,2023-04-30,5.873398118080134
NTAP,2022-04-30,4.246684748016524
NFLX,2025-12-31,6.320769759706727
NFLX,2024-12-31,5.876217262703479
NFLX,2023-12-31,4.889408235301825
NFLX,2022-12-31,4.934313732143491
NFLX,2021-12-31,
NEM,2025-12-31,31.723958891834222
NEM,2024-12-31,28.034211524930303
NEM,2023-12-31,27.19022513813659
NEM,2022-12-31,18.129314683690893
NEM,2021-12-31,
NWSA,2025-06-30,24.0496744683045
NWSA,2024-06-30,22.257049998020577
NWSA,2023-06-30,22.103553101482504
NWSA,2022-06-30,22.536633631000637
NWSA,2021-06-30,
NWS,2025-06-30,48.070931963824954
NWS,2024-06-30,44.487801179195195
NWS,2023-06-30,44.18098875726971
NWS,2022-06-30,45.04663809055947
NWS,2021-06-30,
NEE,2025-12-31,26.186598766777692
NEE,2024-12-31,24.025322019014233
NEE,2023-12-31,22.762699059870414
NEE,2022-12-31,18.811787339252895
NEE,2021-12-31,
NKE,2025-05-31,11.015429695784869
NKE,2024-05-31,12.030019716201897
NKE,2023-05-31,11.674871524995938
NKE,2022-05-31,12.739482417413804
NKE,2021-05-31,
NI,2025-12-31,19.714084669704135
NI,2024-12-31,18.116321953063423
NI,2023-12-31,17.25141475588463
NI,2022-12-31,15.803227162345022
NI,2021-12-31,
NDSN,2025-10-31,54.56032075951788
NDSN,2024-10-31,52.56369443935832
NDSN,2023-10-31,46.573905110961114
NDSN,2022-10-31,41.129921379399015
NDSN,2021-10-31,
NSC,2025-12-31,69.22268596123367
NSC,2024-12-31,63.697159925478154
NSC,2023-12-31,56.90712994600421
NSC,2022-12-31,56.693410969601096
NSC,2021-12-31,
NTRS,2025-12-31,70.02481495834972
NTRS,2024-12-31,69.1088327285563
NTRS,2023-12-31,64.2965485065442
NTRS,2022-12-31,60.84661897557002
NTRS,2021-12-31,
NOC,2025-12-31,117.39485978643513
NOC,2024-12-31,107.65067806972492
NOC,2023-12-31,104.1655841753813
NOC,2022-12-31,107.80557113169574
NOC,2021-12-31,
NCLH,2025-12-31,4.81341579604406
NCLH,2024-12-31,3.1047865769203007
NCLH,2023-12-31,0.6551957227518433
NCLH,2022-12-31,0.14939988038600063
NCLH,2021-12-31,
NRG,2025-12-31,7.900814017437167
NRG,2024-12-31,11.646768075674776
NRG,2023-12-31,13.658397105694473
NRG,2022-12-31,17.991859642325686
NRG,2021-12-31,
NUE,2025-12-31,91.93115154165326
NUE,2024-12-31,89.11209349380547
NUE,2023-12-31,91.94871576625044
NUE,2022-12-31,80.8599553260973
NUE,2021-12-31,
NVDA,2026-01-31,6.472962962962963
NVDA,2025-01-31,3.264485596707819
NVDA,2024-01-31,1.768641975308642
NVDA,2023-01-31,0.9095061728395062
NVDA,2022-01-31,
NVR,2025-12-31,1414.7561320683924
NVR,2024-12-31,1541.1195511282376
NVR,2023-12-31,1597.7311154769318
NVR,2022-12-31,1283.7009810650527
NVR,2021-12-31,
NXPI,2025-12-31,39.830304682145396
NXPI,2024-12-31,36.37248288545557
NXPI,2023-12-31,34.23758489185211
NXPI,2022-12-31,29.50436948859398
NXPI,2021-12-31,
ORLY,2025-12-31,-0.9171677047333429
ORLY,2024-12-31,-1.6472101385061262
ORLY,2023-12-31,-2.089743147529841
ORLY,2022-12-31,-1.2744939125479502
ORLY,2021-12-31,
OXY,2025-12-31,36.228376069899454
OXY,2024-12-31,34.34326186856013
OXY,2023-12-31,30.413175781607887
OXY,2022-12-31,30.247285731890024
OXY,2021-12-31,
ODFL,2025-12-31,20.697167698463566
ODFL,2024-12-31,20.378053374586806
ODFL,2023-12-31,20.441536332125242
ODFL,2022-12-31,17.537470680060235
ODFL,2021-12-31,
OMC,2025-12-31,42.265046055349615
OMC,2024-12-31,14.713715206388004
OMC,2023-12-31,12.688496077467734
OMC,2022-12-31,11.410629121901616
OMC,2021-12-31,
ON,2025-12-31,19.579580305075904
ON,2024-12-31,22.44533905823696
ON,2023-12-31,19.858475712181686
ON,2022-12-31,15.790889541391868
ON,2021-12-31,
OKE,2025-12-31,35.68861517081652
OKE,2024-12-31,27.039859819881265
OKE,2023-12-31,26.163715031164756
OKE,2022-12-31,10.307399017980098
OKE,2021-12-31,
ORCL,2025-05-31,7.110804208277615
ORCL,2024-05-31,3.0263771859003645
ORCL,2023-05-31,0.37308165446588826
ORCL,2022-05-31,-2.1626914173139093
ORCL,2021-05-31,
OTIS,2025-12-31,-14.052056552355653
OTIS,2024-12-31,-12.634341647963689
OTIS,2023-12-31,-12.832404759606684
OTIS,2022-12-31,-12.691675706597188
OTIS,2021-12-31,
PCAR,2025-12-31,36.60365584066992
PCAR,2024-12-31,33.26497832418108
PCAR,2023-12-31,30.171414574482434
PCAR,2022-12-31,25.018895183746107
PCAR,2021-12-31,
PKG,2025-12-31,51.64669964222698
PKG,2024-12-31,49.467608791728495
PKG,2023-12-31,44.89938070462677
PKG,2022-12-31,41.19043328795358
PKG,2021-12-31,
PLTR,2025-12-31,3.2173512602200365
PLTR,2024-12-31,2.179059041377327
PLTR,2023-12-31,1.5136990513030812
PLTR,2022-12-31,1.1172675526290945
PLTR,2021-12-31,
PANW,2025-07-31,9.647842170160295
PANW,2024-07-31,6.374475955610357
PANW,2023-07-31,2.155856966707768
PANW,2022-07-31,0.2589395807644883
PANW,2021-07-31,
PSKY,2025-12-31,10.75047400437792
PSKY,2024-12-31,15.004510027490607
PSKY,2023-12-31,20.71026917152288
PSKY,2022-12-31,21.179160109881963
PSKY,2021-12-31,
PH,2025-06-30,108.51290221341813
PH,2024-06-30,95.74387922236396
PH,2023-06-30,81.90327347704438
PH,2022-06-30,70.17419620130448
PH,2021-06-30,
PAYX,2025-05-31,11.521364954861912
PAYX,2024-05-31,10.608698690268927
PAYX,2023-05-31,9.749620169652044
PAYX,2022-05-31,8.610880610159878
PAYX,2021-05-31,
PYPL,2025-12-31,22.96323984006752
PYPL,2024-12-31,23.145757692271847
PYPL,2023-12-31,23.864492588529885
PYPL,2022-12-31,22.983645562674216
PYPL,2021-12-31,
PNR,2025-12-31,23.942248366347783
PNR,2024-12-31,22.046892562922704
PNR,2023-12-31,19.907114447270096
PNR,2022-12-31,16.7574699681863
PEP,2025-12-31,14.930109058022756
PEP,2024-12-31,13.199749951768526
PEP,2023-12-31,13.537773591129818
PEP,2022-12-31,12.547115565815556
PEP,2021-12-31,
PFE,2025-12-31,15.172707624781015
PFE,2024-12-31,15.475719628897728
PFE,2023-12-31,15.6180142063955
PFE,2022-12-31,16.784268283618307
PFE,2021-12-31,
PCG,2025-12-31,14.775967041997541
PCG,2024-12-31,13.690246783933125
PCG,2023-12-31,11.370320059361353
PCG,2022-12-31,10.363610811294096
PCG,2021-12-31,
PM,2025-12-31,-6.412334077503289
PM,2024-12-31,-7.539015950636746
PM,2023-12-31,-7.202166301778509
PM,2022-12-31,-5.746975818710922
PM,2021-12-31,
PSX,2025-12-31,72.5628806383638
PSX,2024-12-31,68.36020460372855
PSX,2023-12-31,76.27919357106795
PSX,2022-12-31,73.56304270951438
PSX,2021-12-31,
PNW,2025-12-31,58.145249473034134
PNW,2024-12-31,55.73454040504586
PNW,2023-12-31,50.976223010281466
PNW,2022-12-31,49.91161357795924
PNC,2025-12-31,150.87235073033025
PNC,2024-12-31,135.5323543533585
PNC,2023-12-31,127.26469396836721
PNC,2022-12-31,113.98912242849116
PNC,2021-12-31,
POOL,2025-12-31,32.52281377580218
POOL,2024-12-31,34.94401929500705
POOL,2023-12-31,36.02301928850375
POOL,2022-12-31,33.89385885680167
PPG,2025-12-31,35.62584118438762
PPG,2024-12-31,30.43965903992822
PPG,2023-12-31,35.13683266038582
PPG,2022-12-31,29.573799910273664
PPG,2021-12-31,
PPL,2025-12-31,19.784220325235324
PPL,2024-12-31,18.715306062652893
PPL,2023-12-31,18.523858732041113
PPL,2022-12-31,18.49992781571464
PPL,2021-12-31,
PFG,2025-12-31,55.01490136787713
PFG,2024-12-31,51.32298340821052
PFG,2023-12-31,50.53413974635824
PFG,2022-12-31,46.185777941323956
PFG,2021-12-31,
PG,2025-06-30,22.33617745751669
PG,2024-06-30,21.594959233036302
PG,2023-06-30,20.088044546071256
PG,2022-06-30,20.007309304934342
PG,2021-06-30,
PGR,2025-12-31,51.8930477013668
PGR,2024-12-31,43.7949735753612
PGR,2023-12-31,34.700897940197684
PGR,2022-12-31,27.194948422729272
PGR,2021-12-31,
PLD,2025-12-31,57.05353423329308
PLD,2024-12-31,57.866501204498796
PLD,2023-12-31,57.04124898910052
PLD,2022-12-31,57.10083896612602
PRU,2025-12-31,93.4005182839044
PRU,2024-12-31,80.25338324215376
PRU,2023-12-31,80.10365678088108
PRU,2022-12-31,88.08810826374892
PRU,2021-12-31,
PEG,2025-12-31,34.078407894670356
PEG,2024-12-31,32.33656017045802
PEG,2023-12-31,26.88224897874244
PEG,2022-12-31,27.550492402893024
PEG,2021-12-31,
PTC,2025-09-30,32.15423434492602
PTC,2024-09-30,27.01262955506884
PTC,2023-09-30,22.498969630235663
PTC,2022-09-30,19.295033125282846
PTC,2021-09-30,
PSA,2025-12-31,52.682153258420136
PSA,2024-12-31,55.32806183377338
PSA,2023-12-31,57.04027647539489
PSA,2022-12-31,57.38334374239586
PSA,2021-12-31,
PHM,2025-12-31,68.16993341250016
PHM,2024-12-31,63.636915763724026
PHM,2023-12-31,54.50919100750488
PHM,2022-12-31,46.79651775368916
PHM,2021-12-31,
PWR,2025-12-31,59.56444172263217
PWR,2024-12-31,48.76531876561045
PWR,2023-12-31,41.7981792087918
PWR,2022-12-31,35.87537421410931
PWR,2021-12-31,
QCOM,2025-09-30,20.119544592030362
QCOM,2024-09-30,24.92789373814042
QCOM,2023-09-30,20.475332068311197
QCOM,2022-09-30,17.090132827324478
QCOM,2021-09-30,
DGX,2025-12-31,64.77173712622654
DGX,2024-12-31,61.23052081472294
DGX,2023-12-31,56.9756410118704
DGX,2022-12-31,53.235682968598745
DGX,2021-12-31,
Q,2025-12-31,33.87579534888624
Q,2024-12-31,50.82085492509446
Q,2023-12-31,52.22458767105253
RL,2025-03-31,66.96393289202416
RL,2024-03-31,63.38872890296573
RL,2023-03-31,62.87650720265201
RL,2022-03-31,65.60576929270746
RJF,2025-09-30,64.2497430626927
RJF,2024-09-30,59.98458376156218
RJF,2023-09-30,52.48715313463515
RJF,2022-09-30,48.602261048304214
RTX,2025-12-31,48.44865440788657
RTX,2024-12-31,44.66974104622308
RTX,2023-12-31,44.403902770829966
RTX,2022-12-31,53.933982174168406
RTX,2021-12-31,
O,2025-12-31,42.29574581424972
O,2024-12-31,41.65447111487513
O,2023-12-31,35.32784020821418
O,2022-12-31,30.793210871472258
O,2021-12-31,
REG,2025-12-31,37.72442759765796
REG,2024-12-31,36.72630647557459
REG,2023-12-31,38.411512496722885
REG,2022-12-31,33.3008444026916
REG,2021-12-31,
REGN,2025-12-31,303.40058033882235
REGN,2024-12-31,284.9258651700475
REGN,2023-12-31,252.1124491935626
REGN,2022-12-31,219.99208983613443
REGN,2021-12-31,
RF,2025-12-31,22.290339826619082
RF,2024-12-31,20.92784675524458
RF,2023-12-31,20.401109743115263
RF,2022-12-31,18.66638918316938
RF,2021-12-31,
RSG,2025-12-31,38.73688344786435
RSG,2024-12-31,36.914618626578616
RSG,2023-12-31,34.121342355229444
RSG,2022-12-31,31.35072301771508
RMD,2025-06-30,41.14165013240645
RMD,2024-06-30,33.53208501323182
RMD,2023-06-30,28.471018552344447
RMD,2022-06-30,23.168583879769123
RMD,2021-06-30,
RVTY,2025-12-31,64.8492329749722
RVTY,2024-12-31,68.57464984025029
RVTY,2023-12-31,70.4159635607266
RVTY,2022-12-31,66.03449287336502
RVTY,2021-12-31,
HOOD,2025-12-31,11.552296225021278
HOOD,2024-12-31,10.076029048782235
HOOD,2023-12-31,8.463257715836157
HOOD,2022-12-31,8.791878833834575
HOOD,2021-12-31,
ROK,2025-09-30,32.83787356777017
ROK,2024-09-30,31.43592822661742
ROK,2023-09-30,32.00749055801046
ROK,2022-09-30,24.494501422089318
ROK,2021-09-30,
ROL,2025-12-31,2.8544646369294124
ROL,2024-12-31,2.76364158347709
ROL,2023-12-31,2.400112591674442
ROL,2022-12-31,2.631968095170663
ROL,2021-12-31,
ROP,2025-12-31,197.00773184125836
ROP,2024-12-31,186.96089738139105
ROP,2023-12-31,172.8622327502645
ROP,2022-12-31,158.9201318675016
ROP,2021-12-31,
ROST,2026-01-31,19.206824681171224
ROST,2025-01-31,17.10143309593076
ROST,2024-01-31,15.121384463150786
ROST,2023-01-31,13.312455858042059
ROST,2022-01-31,
RCL,2025-12-31,37.424265267189305
RCL,2024-12-31,28.199633178813663
RCL,2023-12-31,17.61405092380216
RCL,2022-12-31,10.697441172817188
RCL,2021-12-31,
SPGI,2025-12-31,105.15878378378379
SPGI,2024-12-31,112.02364864864865
SPGI,2023-12-31,115.54054054054055
SPGI,2022-12-31,122.93243243243244
SPGI,2021-12-31,
CRM,2026-01-31,72.29598352648087
CRM,2025-01-31,74.77870549297309
CRM,2024-01-31,72.91207996720567
CRM,2023-01-31,71.33883369892627
CRM,2022-01-31,
SNDK,2025-06-30,62.232527924044554
SNDK,2024-06-30,74.83299418991555
SBAC,2025-12-31,-45.76071035203534
SBAC,2024-12-31,-48.17832025276068
SBAC,2023-12-31,-48.752922048219695
SBAC,2022-12-31,-49.746982022960935
SBAC,2021-12-31,
SLB,2025-12-31,17.46354049149948
SLB,2024-12-31,14.13323415624436
SLB,2023-12-31,13.503826993867362
SLB,2022-12-31,11.828975203652696
SLB,2021-12-31,
STX,2025-06-30,-2.0202561495705247
STX,2024-06-30,-6.649452359844707
STX,2023-06-30,-5.347212192792625
STX,2022-06-30,0.4861101993447841
STX,2021-06-30,
SRE,2025-12-31,48.388833083040176
SRE,2024-12-31,47.819444650482104
SRE,2023-12-31,43.920970624338516
SRE,2022-12-31,41.53321268135305
SRE,2021-12-31,
NOW,2025-12-31,12.570444522877743
NOW,2024-12-31,9.317294154607547
NOW,2023-12-31,7.396432491554414
NOW,2022-12-31,4.879240731187967
NOW,2021-12-31,
SHW,2025-12-31,18.644103318717292
SHW,2024-12-31,16.425851154728374
SHW,2023-12-31,15.065950266770265
SHW,2022-12-31,12.577664116084838
SHW,2021-12-31,
SPG,2025-12-31,16.03332415281895
SPG,2024-12-31,9.0565303395067
SPG,2023-12-31,9.305603586866559
SPG,2022-12-31,9.661747946419412
SPG,2021-12-31,
SWKS,2025-09-30,38.27707283121481
SWKS,2024-09-30,42.13064345061904
SWKS,2023-09-30,40.44188061878903
SWKS,2022-09-30,36.36159026487534
SWKS,2021-09-30,
SJM,2025-04-30,57.034185414586794
SJM,2024-04-30,72.14272172447463
SJM,2023-04-30,68.3630090784647
SJM,2022-04-30,76.32656638497977
SW,2025-12-31,34.944242644583944
SW,2024-12-31,33.10045573798097
SW,2023-12-31,11.741509587240024
SW,2022-12-31,10.2748652598784
SW,2021-12-31,
SNA,2025-12-31,114.50927799658993
SNA,2024-12-31,104.12935305327316
SNA,2023-12-31,97.89792331233463
SNA,2022-12-31,86.50838320343209
SNA,2021-12-31,
SOLV,2025-12-31,29.16130156463029
SOLV,2024-12-31,17.086790362324958
SOLV,2023-12-31,67.36549387187662
SOLV,2022-12-31,67.80435702413641
SOLV,2021-12-31,
SO,2025-12-31,31.948873343508446
SO,2024-12-31,29.457968291626734
SO,2023-12-31,27.89316896416258
SO,2022-12-31,26.97415983533443
SO,2021-12-31,
LUV,2025-12-31,16.328619538506157
LUV,2024-12-31,21.17544320555553
LUV,2023-12-31,21.51302273491946
LUV,2022-12-31,21.864923820074587
LUV,2021-12-31,
SWK,2025-12-31,58.24558328449408
SWK,2024-12-31,56.092556455554075
SWK,2023-12-31,58.25523234408001
SWK,2022-12-31,62.47508773632573
SWK,2021-12-31,
SBUX,2025-09-30,-7.104150214968851
SBUX,2024-09-30,-6.535842765640081
SBUX,2023-09-30,-7.01482846363078
SBUX,2022-09-30,-7.639378783890497
SBUX,2021-09-30,
STT,2025-12-31,100.59362814356578
STT,2024-12-31,91.50656321123333
STT,2023-12-31,85.98928760420682
STT,2022-12-31,91.01878835403059
STT,2021-12-31,
STLD,2025-12-31,62.11087490227374
STLD,2024-12-31,61.95211643550512
STLD,2023-12-31,61.483219022036614
STLD,2022-12-31,56.37750651240822
STLD,2021-12-31,
STE,2025-03-31,67.33013833032416
STE,2024-03-31,64.25860202431761
STE,2023-03-31,61.964786651851476
STE,2022-03-31,66.60570313390183
SYK,2025-12-31,58.54026588398662
SYK,2024-12-31,53.876888771194466
SYK,2023-12-31,48.547687938490775
SYK,2022-12-31,43.38559580411783
SYK,2021-12-31,
SMCI,2025-06-30,10.494392011302281
SMCI,2024-06-30,9.021430172808923
SMCI,2023-06-30,3.2840370862636683
SMCI,2022-06-30,2.374051368657954
SMCI,2021-06-30,
SYF,2025-12-31,49.84388601177152
SYF,2024-12-31,49.290923898077764
SYF,2023-12-31,41.33243154131333
SYF,2022-12-31,38.27032951386942
SYF,2021-12-31,
SNPS,2025-10-31,147.8769171721074
SNPS,2024-10-31,46.93363366843054
SNPS,2023-10-31,32.090430949553486
SNPS,2022-10-31,28.79341530458957
SNPS,2021-10-31,
SYY,2025-06-30,3.826989876637253
SYY,2024-06-30,3.8897274155985198
SYY,2023-06-30,4.201323859106143
SYY,2022-06-30,2.8906530201533385
SYY,2021-06-30,
TMUS,2025-12-31,54.705915683049085
TMUS,2024-12-31,57.05112815545046
TMUS,2023-12-31,59.79922188788612
TMUS,2022-12-31,64.3649014884122
TMUS,2021-12-31,
TROW,2025-12-31,50.68498634826931
TROW,2024-12-31,48.28283881063575
TROW,2023-12-31,44.36108910037059
TROW,2022-12-31,41.25467876221458
TTWO,2025-03-31,11.544186503852865
TTWO,2024-03-31,30.60826808494534
TTWO,2023-03-31,48.832065519525436
TTWO,2022-03-31,20.57346088025834
TPR,2025-06-30,4.23679792552781
TPR,2024-06-30,14.308206936886819
TPR,2023-06-30,11.250382740460768
TPR,2022-06-30,11.288414151076953
TPR,2021-06-30,
TRGP,2025-12-31,14.282457531848788
TRGP,2024-12-31,12.068790672957006
TRGP,2023-12-31,12.754538576878687
TRGP,2022-12-31,12.410035217135277
TRGP,2021-12-31,
TGT,2026-01-31,35.5919097636121
TGT,2025-01-31,32.29142892626879
TGT,2024-01-31,29.574422019476504
TGT,2023-01-31,24.73048750169447
TGT,2022-01-31,
TEL,2025-09-30,43.11470066754883
TEL,2024-09-30,42.32674825169375
TEL,2023-09-30,39.57234067626989
TEL,2022-09-30,37.006356504637466
TEL,2021-09-30,
TDY,2025-12-31,226.93925365069387
TDY,2024-12-31,206.12082184650188
TDY,2023-12-31,199.0367271672527
TDY,2022-12-31,176.329635142359
TDY,2021-12-31,
TER,2025-12-31,17.859418601871617
TER,2024-12-31,18.009806201603375
TER,2023-12-31,16.135569917579137
TER,2022-12-31,15.659001822141692
TER,2021-12-31,
TSLA,2025-12-31,21.86981866111743
TSLA,2024-12-31,19.413834058196127
TSLA,2023-12-31,16.676944885014418
TSLA,2022-12-31,11.902898491868386
TSLA,2021-12-31,
TXN,2025-12-31,17.880594331616894
TXN,2024-12-31,18.572831437800062
TXN,2023-12-31,18.566238703455458
TXN,2022-12-31,16.017048090209517
TXN,2021-12-31,
TPL,2025-12-31,21.161504424457853
TPL,2024-12-31,16.426450149354046
TPL,2023-12-31,15.131599731563927
TPL,2022-12-31,11.210756868056674
TPL,2021-12-31,
TXT,2025-12-31,45.287515946740754
TXT,2024-12-31,41.428732048294655
TXT,2023-12-31,40.18080938665113
TXT,2022-12-31,40.90540964179898
TXT,2021-12-31,
TMO,2025-12-31,143.71344238686535
TMO,2024-12-31,133.42878350689458
TMO,2023-12-31,125.75968936562909
TMO,2022-12-31,118.3408498752891
TMO,2021-12-31,
TJX,2026-01-31,9.21492907168263
TJX,2025-01-31,7.589882207912885
TJX,2024-01-31,6.6032789088740484
TJX,2023-01-31,5.7550351925601815
TJX,2022-01-31,
TKO,2025-12-31,49.85323474025931
TKO,2024-12-31,54.57049467175005
TKO,2023-12-31,54.81002458219558
TKO,2022-12-31,7.5888176494420465
TKO,2021-12-31,
TTD,2025-12-31,5.818393882336212
TTD,2024-12-31,6.9068384268508565
TTD,2023-12-31,5.0685574813448415
TTD,2022-12-31,4.954081501932344
TTD,2021-12-31,
TSCO,2025-12-31,4.9073422339185075
TSCO,2024-12-31,4.316172524119168
TSCO,2023-12-31,4.08695094104897
TSCO,2022-12-31,3.8828735428449628
TSCO,2021-12-31,
TT,2025-12-31,38.81016709665149
TT,2024-12-31,33.73542289567428
TT,2023-12-31,31.644545047847874
TT,2022-12-31,27.543312125218232
TT,2021-12-31,
TDG,2025-09-30,-173.1696680328882
TDG,2024-09-30,-112.45480197469202
TDG,2023-09-30,-35.4706402413019
TDG,2022-09-30,-67.4550028379194
TDG,2021-09-30,
TRV,2025-12-31,154.68996444693778
TRV,2024-12-31,131.03548274303748
TRV,2023-12-31,117.19549474013913
TRV,2022-12-31,101.38978638888486
TRV,2021-12-31,
TRMB,2025-12-31,24.834893617021276
TRMB,2024-12-31,24.44808510638298
TRMB,2023-12-31,19.14936170212766
TRMB,2022-12-31,17.234893617021278
TRMB,2021-12-31,
TFC,2025-12-31,52.32370077672069
TFC,2024-12-31,51.111705069272375
TFC,2023-12-31,47.43719093106152
TFC,2022-12-31,48.57132996061415
TFC,2021-12-31,
TYL,2025-12-31,87.81153617167553
TYL,2024-12-31,80.35633167806783
TYL,2023-12-31,69.67446814136638
TYL,2022-12-31,62.23731074118654
TYL,2021-12-31,
TSN,2025-09-30,64.10383719969032
TSN,2024-09-30,65.18493591939756
TSN,2023-09-30,64.27397732607047
TSN,2022-09-30,69.83543270712184
USB,2025-12-31,41.99768775971808
USB,2024-12-31,37.736268519454015
USB,2023-12-31,35.628428193808666
USB,2022-12-31,32.703735321427885
UBER,2025-12-31,13.276055569427855
UBER,2024-12-31,10.584120630365952
UBER,2023-12-31,5.522811623109129
UBER,2022-12-31,3.603648085485021
UBER,2021-12-31,
UDR,2025-12-31,10.120971303281593
UDR,2024-12-31,10.597227213303878
UDR,2023-12-31,12.283631038237484
UDR,2022-12-31,12.612765689069464
UDR,2021-12-31,
ULTA,2026-01-31,64.35776462740851
ULTA,2025-01-31,57.1241789793743
ULTA,2024-01-31,52.32567108633673
ULTA,2023-01-31,44.99064012611817
ULTA,2022-01-31,
UNP,2025-12-31,31.104242916689138
UNP,2024-12-31,28.448078348561193
UNP,2023-12-31,24.907648467644933
UNP,2022-12-31,20.486321903703363
UAL,2025-12-31,47.08387345353415
UAL,2024-12-31,39.05170108778598
UAL,2023-12-31,28.727263190731083
UAL,2022-12-31,21.24659019340214
UAL,2021-12-31,
UPS,2025-12-31,21.762705313998257
UPS,2024-12-31,22.421205856869594
UPS,2023-12-31,23.209797138352982
UPS,2022-12-31,26.535828393589053
UPS,2021-12-31,
URI,2025-12-31,143.152320406052
URI,2024-12-31,137.62927146977927
URI,2023-12-31,129.77568743322956
URI,2022-12-31,112.72766354901196
URI,2021-12-31,
UNH,2025-12-31,103.6288938031049
UNH,2024-12-31,102.03002913620332
UNH,2023-12-31,97.73335563052152
UNH,2022-12-31,85.63836286106763
UNH,2021-12-31,
UHS,2025-12-31,135.28558970370622
UHS,2024-12-31,123.95100699442403
UHS,2023-12-31,114.33411323106533
UHS,2022-12-31,110.08690562610208
UHS,2021-12-31,
VLO,2025-12-31,79.90023816231917
VLO,2024-12-31,82.55066966637587
VLO,2023-12-31,88.72715172284346
VLO,2022-12-31,79.34792460874192
VLO,2021-12-31,
VTR,2025-12-31,25.76724219414215
VTR,2024-12-31,22.155363632136343
VTR,2023-12-31,19.515937647149613
VTR,2022-12-31,20.88358760259532
VTR,2021-12-31,
VLTO,2025-12-31,12.642545926826996
VLTO,2024-12-31,8.29807040221366
VLTO,2023-12-31,5.631124321031155
VLTO,2022-12-31,13.171863469657112
VLTO,2021-12-31,
VRSN,2025-12-31,-23.672527472527474
VRSN,2024-12-31,-21.515384615384615
VRSN,2023-12-31,-17.373626373626372
VRSN,2022-12-31,-17.167032967032966
VRSK,2025-12-31,2.358385441694301
VRSK,2024-12-31,0.7639947660634289
VRSK,2023-12-31,2.36601775703959
VRSK,2022-12-31,13.351209233514046
VRSK,2021-12-31,
VZ,2025-12-31,25.014367816091955
VZ,2024-12-31,23.763649425287355
VZ,2023-12-31,22.13362068965517
VZ,2022-12-31,21.825670498084293
VRTX,2025-12-31,73.54374158215859
VRTX,2024-12-31,64.65425440466466
VRTX,2023-12-31,69.2672371133828
VRTX,2022-12-31,54.81640291389053
VRT,2025-12-31,10.260894402382059
VRT,2024-12-31,6.337527019947389
VRT,2023-12-31,5.245648930900873
VRT,2022-12-31,3.7538841597428996
VRT,2021-12-31,
VTRS,2025-12-31,12.634005355188963
VTRS,2024-12-31,16.00409255447336
VTRS,2023-12-31,17.577320917036197
VTRS,2022-12-31,18.096806607583858
VTRS,2021-12-31,
VICI,2025-12-31,25.815519579206374
VICI,2024-12-31,24.645656857725967
VICI,2023-12-31,23.455048026436245
VICI,2022-12-31,20.3696513594933
VICI,2021-12-31,
V,2025-09-30,22.84073817303637
V,2024-09-30,23.580626497088407
V,2023-09-30,23.33721046865435
V,2022-09-30,21.438083434931208
V,2021-09-30,
VST,2025-12-31,15.05541473706582
VST,2024-12-31,16.452552498618132
VST,2023-12-31,15.675708457839574
VST,2022-12-31,14.47942771063305
VST,2021-12-31,
VMC,2025-12-31,65.70157262287273
VMC,2024-12-31,62.568742594931976
VMC,2023-12-31,57.67335850207104
VMC,2022-12-31,53.39760425975484
VMC,2021-12-31,
WRB,2025-12-31,26.058083049896332
WRB,2024-12-31,22.550727129516115
WRB,2023-12-31,20.026583342845075
WRB,2022-12-31,18.12719254234777
WRB,2021-12-31,
GWW,2025-12-31,78.93516129362813
GWW,2024-12-31,70.94868084154263
GWW,2023-12-31,65.81451483663052
GWW,2022-12-31,51.55294260076355
GWW,2021-12-31,
WAB,2025-12-31,65.66580785628271
WAB,2024-12-31,59.47169871457089
WAB,2023-12-31,61.80554002771826
WAB,2022-12-31,59.5365276399361
WAB,2021-12-31,
WMT,2026-01-31,12.497443048331114
WMT,2025-01-31,11.418028892234856
WMT,2024-01-31,10.520775284099056
WMT,2023-01-31,9.62151439719785
WMT,2022-01-31,
DIS,2025-09-30,63.269955199557614
DIS,2024-09-30,57.98752522344477
DIS,2023-09-30,57.17036964336147
DIS,2022-09-30,54.71199249651467
DIS,2021-09-30,
WBD,2025-12-31,14.329315405102193
WBD,2024-12-31,13.578521352027154
WBD,2023-12-31,18.042195453970095
WBD,2022-12-31,18.787803363214113
WBD,2021-12-31,
WM,2025-12-31,24.87700004356837
WM,2024-12-31,20.549049485438054
WM,2023-12-31,17.189782912988232
WM,2022-12-31,17.05531264248246
WAT,2025-12-31,26.091062897041894
WAT,2024-12-31,18.626779954678778
WAT,2023-12-31,11.718384824255603
WAT,2022-12-31,5.139158321940243
WAT,2021-12-31,
WEC,2025-12-31,41.88800859599408
WEC,2024-12-31,38.146823659386165
WEC,2023-12-31,36.08742200545822
WEC,2022-12-31,35.021187368593026
WEC,2021-12-31,
WFC,2025-12-31,59.18489699906146
WFC,2024-12-31,58.53232303136585
WFC,2023-12-31,60.69395387578571
WFC,2022-12-31,58.89406533594223
WFC,2021-12-31,
WELL,2025-12-31,59.680741766937906
WELL,2024-12-31,45.26923623677062
WELL,2023-12-31,35.98789626703349
WELL,2022-12-31,28.74967922812743
WELL,2021-12-31,
WST,2025-12-31,44.955528917863376
WST,2024-12-31,37.96732217140583
WST,2023-12-31,40.77987368147493
WST,2022-12-31,38.004124556540106
WST,2021-12-31,
WDC,2025-06-30,16.07277982159162
WDC,2024-06-30,32.04981925796438
WDC,2023-06-30,34.3504897270117
WDC,2022-06-30,35.45585599272044
WDC,2021-06-30,
WY,2025-12-31,13.072736454608052
WY,2024-12-31,13.481866229073294
WY,2023-12-31,14.196109733648209
WY,2022-12-31,14.90757947704031
WY,2021-12-31,
WSM,2026-01-31,17.49813590266301
WSM,2025-01-31,18.001093281125474
WSM,2024-01-31,17.878773643376448
WSM,2023-01-31,14.292618636668069
WSM,2022-01-31,
WMB,2025-12-31,10.471805534409324
WMB,2024-12-31,10.168452691958644
WMB,2023-12-31,10.140652161922732
WMB,2022-12-31,9.39085551360124
WMB,2021-12-31,
WTW,2025-12-31,84.44860692409121
WTW,2024-12-31,84.06744470627936
WTW,2023-12-31,100.79623093246593
WTW,2022-12-31,106.04779926676248
WTW,2021-12-31,
WDAY,2026-01-31,38.31388058337554
WDAY,2025-01-31,44.34690546959828
WDAY,2024-01-31,39.67364290516863
WDAY,2023-01-31,27.416146452037463
WDAY,2022-01-31,
WYNN,2025-12-31,-2.6478566693459333
WYNN,2024-12-31,-2.1544952262034966
WYNN,2023-12-31,-2.416126440163487
WYNN,2022-12-31,-7.2165848950182285
WYNN,2021-12-31,
XEL,2025-12-31,37.81859874763075
XEL,2024-12-31,31.27174741629241
XEL,2023-12-31,28.218579166346025
XEL,2022-12-31,26.711217506745005
XEL,2021-12-31,
XYL,2025-12-31,48.29749378120334
XYL,2024-12-31,44.77194501912596
XYL,2023-12-31,42.769366008685815
XYL,2022-12-31,14.699603072432446
XYL,2021-12-31,
YUM,2025-12-31,-26.57632992979981
YUM,2024-12-31,-27.748228164246957
YUM,2023-12-31,-28.51014342503303
YUM,2022-12-31,-32.203618355891216
YUM,2021-12-31,
ZBRA,2025-12-31,74.18954742887315
ZBRA,2024-12-31,74.14819316609228
ZBRA,2023-12-31,62.7757709013542
ZBRA,2022-12-31,56.510600090053046
ZBRA,2021-12-31,
ZBH,2025-12-31,65.63391448684092
ZBH,2024-12-31,64.44712107022384
ZBH,2023-12-31,64.51121618505856
ZBH,2022-12-31,62.132460390950634
ZBH,2021-12-31,
ZTS,2025-12-31,7.921198047936194
ZTS,2024-12-31,11.343174628836879
ZTS,2023-12-31,11.882986083919892
ZTS,2022-12-31,10.475195857447893
ZTS,2021-12-31,
