ticker,date,roe
AOS,2026-03-31,0.06283614675967836
AOS,2025-12-31,0.067491926803014
AOS,2025-09-30,0.07156410951477366
AOS,2025-06-30,0.08245300395471043
AOS,2025-03-31,0.07363484448277721
AOS,2024-12-31,
ABT,2026-03-31,0.02068727070167688
ABT,2025-12-31,0.03406867446767696
ABT,2025-09-30,0.0322643953369706
ABT,2025-06-30,0.035182438445565116
ABT,2025-03-31,0.027145520476941673
ABBV,2025-12-31,-0.5553516819571865
ABBV,2025-09-30,-0.07040121120363362
ABBV,2025-06-30,-5.1256830601092895
ABBV,2025-03-31,0.9056338028169014
ABBV,2024-12-31,-0.006616541353383459
ACN,2026-02-28,0.05848123891965685
ACN,2025-11-30,0.07164690321727676
ACN,2025-08-31,0.04532594276741547
ACN,2025-05-31,0.07192016946642459
ACN,2025-02-28,0.06113901934049015
ACN,2024-08-31,
ADBE,2026-02-28,0.16522347590308756
ADBE,2025-11-30,0.1596833863890562
ADBE,2025-08-31,0.15055225148683093
ADBE,2025-05-31,0.14771139063591893
ADBE,2025-02-28,0.13829705994654448
ADBE,2024-11-30,
ADBE,2024-08-31,
AMD,2025-12-31,0.023984507690598265
AMD,2025-09-30,0.02044744201348906
AMD,2025-06-30,0.01461493337802732
AMD,2025-03-31,0.012249270054076467
AMD,2024-12-31,0.008372707059477487
AMD,2024-09-30,
AES,2026-03-31,0.11018099547511312
AES,2025-12-31,0.07875953728771844
AES,2025-09-30,0.16532988357050452
AES,2025-06-30,-0.028198278420896408
AES,2025-03-31,0.0132641291810842
AES,2024-12-31,
AES,2024-09-30,
AFL,2025-12-31,0.04676161410647677
AFL,2025-09-30,0.0571319018404908
AFL,2025-06-30,0.022022058823529412
AFL,2025-03-31,0.0011010706963322956
AFL,2024-12-31,0.07287914782741972
A,2026-01-31,0.044151708164447016
A,2025-10-31,0.06438213914849429
A,2025-07-31,0.05274725274725275
A,2025-04-30,0.03503911342894394
A,2025-01-31,0.05276256844201095
APD,2026-03-31,0.045393261298794244
APD,2025-12-31,0.04400667043013892
APD,2025-09-30,0.000326125298670873
APD,2025-06-30,0.045940466613032985
APD,2025-03-31,-0.11770066787273692
APD,2024-12-31,
ABNB,2025-12-31,0.041590437858275396
ABNB,2025-09-30,0.15958188153310104
ABNB,2025-06-30,0.08249807247494217
ABNB,2025-03-31,0.019402797026584352
ABNB,2024-12-31,0.05480266286257727
ABNB,2024-09-30,
AKAM,2025-12-31,0.017091753859617857
AKAM,2025-09-30,0.02962207498651717
AKAM,2025-06-30,0.023193690979400595
AKAM,2025-03-31,0.02686647641944343
AKAM,2024-12-31,0.028678712935523168
AKAM,2024-09-30,
ALB,2025-12-31,-0.043445205339352894
ALB,2025-09-30,-0.01607564860461261
ALB,2025-06-30,0.0022359203033125445
ALB,2025-03-31,0.004123156618026355
ALB,2024-12-31,0.007558386940462984
ARE,2026-03-31,0.022985311132031006
ARE,2025-12-31,-0.0698687853383986
ARE,2025-09-30,-0.01398820695723895
ARE,2025-06-30,-0.006230016648971615
ARE,2025-03-31,-0.0005118339924076336
ARE,2024-12-31,
ALGN,2025-12-31,0.03352804924098829
ALGN,2025-09-30,0.014340771272872636
ALGN,2025-06-30,0.03184641913075081
ALGN,2025-03-31,0.02457143625223793
ALGN,2024-12-31,0.026948962677684363
ALGN,2024-09-30,
ALLE,2026-03-31,0.06572434799162383
ALLE,2025-12-31,0.07133875024182627
ALLE,2025-09-30,0.09678413644302887
ALLE,2025-06-30,0.08939266722642038
ALLE,2025-03-31,0.09222726989856245
ALLE,2024-12-31,
ALLE,2024-09-30,
LNT,2026-03-31,0.03018054432767448
LNT,2025-12-31,0.019361876193073356
LNT,2025-09-30,0.038456274804981525
LNT,2025-06-30,0.024352694191742477
LNT,2025-03-31,0.030029606654448048
LNT,2024-12-31,
ALL,2026-03-31,0.07773594456924099
ALL,2025-12-31,0.12518784710878797
ALL,2025-09-30,0.13619341937829485
ALL,2025-06-30,0.08780548732253632
ALL,2025-03-31,0.026978009521650418
ALL,2024-12-31,
GOOGL,2026-03-31,0.13071231926741947
GOOGL,2025-12-31,0.08297111483028909
GOOGL,2025-09-30,0.09041608614846963
GOOGL,2025-06-30,0.07769290965402462
GOOGL,2025-03-31,0.10003852091280081
GOOGL,2024-12-31,
GOOG,2026-03-31,0.13071231926741947
GOOG,2025-12-31,0.08297111483028909
GOOG,2025-09-30,0.09041608614846963
GOOG,2025-06-30,0.07769290965402462
GOOG,2025-03-31,0.10003852091280081
GOOG,2024-12-31,
MO,2026-03-31,-0.6798505138586111
MO,2025-12-31,-0.3189605939463164
MO,2025-09-30,-0.8975812547241119
MO,2025-06-30,-0.7303439803439803
MO,2025-03-31,-0.30683760683760686
MO,2024-12-31,
MO,2024-09-30,
AMZN,2026-03-31,0.06846354720601747
AMZN,2025-12-31,0.0515538905039349
AMZN,2025-09-30,0.05731932657163495
AMZN,2025-06-30,0.054419893640925775
AMZN,2025-03-31,0.055994925899165326
AMCR,2025-12-31,0.015211412856651771
AMCR,2025-09-30,0.022358764294248164
AMCR,2025-06-30,-0.00332537517053206
AMCR,2025-03-31,0.05089587120228512
AMCR,2024-12-31,0.043076109936575055
AEE,2025-12-31,0.01880456682337139
AEE,2025-09-30,0.050078247261345854
AEE,2025-06-30,0.022332304693844406
AEE,2025-03-31,0.023651689990997628
AEE,2024-12-31,0.017087667161961365
AEE,2024-09-30,
AEP,2026-03-31,0.027477364185110664
AEP,2025-12-31,0.018690988502794013
AEP,2025-09-30,0.0319849420684254
AEP,2025-06-30,0.04103631938562691
AEP,2025-03-31,0.02928182660034333
AEP,2024-09-30,
AXP,2026-03-31,0.08739520517723194
AXP,2025-12-31,0.07354962060106351
AXP,2025-09-30,0.08952093037603727
AXP,2025-06-30,0.08928847760824488
AXP,2025-03-31,0.0828152041535799
AXP,2024-12-31,
AIG,2026-03-31,0.018883801509714145
AIG,2025-12-31,0.017866258295048495
AIG,2025-09-30,0.012632347572106609
AIG,2025-06-30,0.02756560082889569
AIG,2025-03-31,0.016847288262412205
AIG,2024-12-31,
AMT,2026-03-31,0.24399591211037303
AMT,2025-12-31,0.22469541409993155
AMT,2025-09-30,0.2158777544463278
AMT,2025-06-30,0.09879336349924585
AMT,2025-03-31,0.13825393232997624
AMT,2024-12-31,
AMT,2024-09-30,
AWK,2026-03-31,0.017758448853855215
AWK,2025-12-31,0.021961797545446155
AWK,2025-09-30,0.034748326762629504
AWK,2025-06-30,0.027054858640703987
AWK,2025-03-31,0.01946079362065692
AMP,2025-12-31,0.1539166284928997
AMP,2025-09-30,0.1412858249419055
AMP,2025-06-30,0.1742847747451496
AMP,2025-03-31,0.10744563214154074
AMP,2024-12-31,0.204858454475899
AME,2026-03-31,0.036573508349484404
AME,2025-12-31,0.03750202516072861
AME,2025-09-30,0.035282642257779044
AME,2025-06-30,0.03449593942324871
AME,2025-03-31,0.03528183603000458
AMGN,2026-03-31,0.19793253536452665
AMGN,2025-12-31,0.15396165396165395
AMGN,2025-09-30,0.33433828880340993
AMGN,2025-06-30,0.19278406031233172
AMGN,2025-03-31,0.2787175769292734
APH,2026-03-31,0.06675347719077328
APH,2025-12-31,0.08912928405812229
APH,2025-09-30,0.09949442106019823
APH,2025-06-30,0.09473665934561996
APH,2025-03-31,0.07162272356618646
ADI,2026-01-31,0.024589920123440613
ADI,2025-10-31,0.023294999623696116
ADI,2025-07-31,0.015212122382072885
ADI,2025-04-30,0.016274204798429732
ADI,2025-01-31,0.011157970644017834
ADI,2024-10-31,
AON,2026-03-31,0.12324588163514338
AON,2025-12-31,0.18103079555175364
AON,2025-09-30,0.057689885375991935
AON,2025-06-30,0.07382379191635853
AON,2025-03-31,0.13777841233580812
AON,2024-12-31,
AON,2024-09-30,
APA,2025-12-31,0.04579025110782865
APA,2025-09-30,0.03436714165968147
APA,2025-06-30,0.10211685012701101
APA,2025-03-31,0.06383370125091979
APA,2024-12-31,0.06704545454545455
APA,2024-09-30,
APO,2025-12-31,0.029304657041257873
APO,2025-09-30,0.07503133509097981
APO,2025-06-30,0.03260700791884478
APO,2025-03-31,0.024588340008900755
APO,2024-12-31,0.08612994841476844
APO,2024-09-30,
AAPL,2026-03-31,0.277751171460499
AAPL,2025-12-31,0.4773443701099898
AAPL,2025-09-30,0.3725062048200941
AAPL,2025-06-30,0.355977517849005
AAPL,2025-03-31,0.3709802982214504
AMAT,2026-01-31,0.09329097020767141
AMAT,2025-10-31,0.09292187117315699
AMAT,2025-07-31,0.09121205906480721
AMAT,2025-04-30,0.11270502610621802
AMAT,2025-01-31,0.0636241610738255
APP,2025-12-31,0.5163648168734198
APP,2025-09-30,0.5668862624837169
APP,2025-06-30,0.7021780834476453
APP,2025-03-31,1.0017343823044345
APP,2024-12-31,0.5498202452152561
APP,2024-09-30,
APTV,2025-12-31,0.014988595633756924
APTV,2025-09-30,-0.03824606765783237
APTV,2025-06-30,0.04055727554179567
APTV,2025-03-31,-0.0012275415690213146
APTV,2024-12-31,0.030468394724874944
APTV,2024-09-30,
ACGL,2026-03-31,0.04328592690590376
ACGL,2025-12-31,0.051144344377427084
ACGL,2025-09-30,0.05691639613811712
ACGL,2025-06-30,0.05368690595026258
ACGL,2025-03-31,0.02664191227663031
ADM,2026-03-31,0.01306788282757411
ADM,2025-12-31,0.02005894514582325
ADM,2025-09-30,0.00480128034142438
ADM,2025-06-30,0.009763709317877843
ADM,2025-03-31,0.013336950133369501
ADM,2024-12-31,
ADM,2024-09-30,
ARES,2025-12-31,0.01268821645749244
ARES,2025-09-30,0.06456866161767427
ARES,2025-06-30,0.031423042295769824
ARES,2025-03-31,0.010590226054291017
ARES,2024-12-31,0.0500380116975567
ARES,2024-09-30,
ANET,2025-12-31,0.07726445980356493
ANET,2025-09-30,0.07163793031048701
ANET,2025-06-30,0.0815293167975343
ANET,2025-03-31,0.08042217193228647
ANET,2024-12-31,0.08014127346220035
ANET,2024-09-30,
AJG,2025-12-31,0.006479138973457399
AJG,2025-09-30,0.01175137250170216
AJG,2025-06-30,0.015888390355773115
AJG,2025-03-31,0.03155899839158427
AJG,2024-12-31,0.012816314379279548
AJG,2024-09-30,
AIZ,2025-12-31,0.038354111315484704
AIZ,2025-09-30,0.04612312234088738
AIZ,2025-06-30,0.04279348913340002
AIZ,2025-03-31,0.028008100569332468
AIZ,2024-12-31,0.03941880274932931
T,2025-12-31,0.03427030841468159
T,2025-09-30,0.08413122809553059
T,2025-06-30,0.04274640930161867
T,2025-03-31,0.041939774830351634
T,2024-12-31,0.03909094393132258
ATO,2025-12-31,0.02821305377090298
ATO,2025-09-30,0.012898622232350878
ATO,2025-06-30,0.013927331258603308
ATO,2025-03-31,0.036959757466243824
ATO,2024-12-31,0.027530888704423565
ADSK,2026-01-31,0.10377668308702792
ADSK,2025-10-31,0.1185620463187003
ADSK,2025-07-31,0.11528545119705341
ADSK,2025-04-30,0.0580817730225449
ADSK,2025-01-31,0.11560473101869516
ADSK,2024-10-31,
ADP,2026-03-31,0.21413836002582637
ADP,2025-12-31,0.1661191928671985
ADP,2025-09-30,0.1589318773729957
ADP,2025-06-30,0.14717194570135747
ADP,2025-03-31,0.21339641009000393
ADP,2024-12-31,
AZO,2026-02-28,-0.16118840609604748
AZO,2025-11-30,-0.16441239209355613
AZO,2025-08-31,-0.24512984017575423
AZO,2025-05-31,-0.15308958196258307
AZO,2025-02-28,-0.10945442937538542
AZO,2024-08-31,
AVB,2025-12-31,0.014187251428345048
AVB,2025-09-30,0.031940753473282395
AVB,2025-06-30,0.02248671901306015
AVB,2025-03-31,0.019854932951827345
AVB,2024-12-31,0.023623635091330007
AVB,2024-09-30,
AVY,2026-03-31,0.07307107150619431
AVY,2025-12-31,0.07421613665759778
AVY,2025-09-30,0.07521483491632745
AVY,2025-06-30,0.08584665697674419
AVY,2025-03-31,0.07661829071642479
AVY,2024-12-31,
AXON,2025-12-31,0.0008465277559335582
AXON,2025-09-30,-0.0007219882751217901
AXON,2025-06-30,0.013218050065876152
AXON,2025-03-31,0.03442294998969033
AXON,2024-12-31,0.05807708583494618
BKR,2026-03-31,0.048151599875737805
BKR,2025-12-31,0.046511627906976744
BKR,2025-09-30,0.03354078316902572
BKR,2025-06-30,0.039611233542408315
BKR,2025-03-31,0.023588780659547
BKR,2024-12-31,
BKR,2024-09-30,
BALL,2026-03-31,0.03660714285714286
BALL,2025-12-31,0.036893562073418186
BALL,2025-09-30,0.05894234300403966
BALL,2025-06-30,0.040722243565117174
BALL,2025-03-31,0.03253953826576986
BALL,2024-12-31,
BAC,2026-03-31,0.028549762528769274
BAC,2025-12-31,0.024824975349801975
BAC,2025-09-30,0.027844630316420736
BAC,2025-06-30,0.02375174817005397
BAC,2025-03-31,0.024900111982840575
BAX,2026-03-31,-0.0024822108224391857
BAX,2025-12-31,-0.18404307391091532
BAX,2025-09-30,-0.006352713713575473
BAX,2025-06-30,0.012431693989071037
BAX,2025-03-31,0.017794096878971898
BAX,2024-12-31,
BAX,2024-09-30,
BDX,2025-12-31,0.015109564116762914
BDX,2025-09-30,0.019417093343836157
BDX,2025-06-30,0.022533663094256664
BDX,2025-03-31,0.01220236916128521
BDX,2024-12-31,0.012021901285510237
BDX,2024-09-30,
BRK-B,2026-03-31,0.013897502822543492
BRK-B,2025-12-31,0.026761209279375094
BRK-B,2025-06-30,0.018518269013411897
BRK-B,2025-03-31,0.0070331611331900116
BRK-B,2024-12-31,0.030327949637185693
BRK-B,2024-09-30,
BBY,2026-01-31,0.18252361673414305
BBY,2025-10-31,0.052770448548812667
BBY,2025-07-31,0.06848306332842416
BBY,2025-04-30,0.07310893955845096
BBY,2025-01-31,0.041666666666666664
BBY,2024-10-31,
TECH,2025-12-31,0.018900650376506286
TECH,2025-09-30,0.019424523378101896
TECH,2025-06-30,-0.009213011411251151
TECH,2025-03-31,0.011193121988082408
TECH,2024-12-31,0.0167862084626739
BIIB,2026-03-31,0.01712980586220023
BIIB,2025-12-31,-0.00267845405547522
BIIB,2025-09-30,0.02562130989976658
BIIB,2025-06-30,0.035998638992854715
BIIB,2025-03-31,0.01416480649284103
BIIB,2024-12-31,
BIIB,2024-09-30,
BLK,2025-12-31,0.020165330661322645
BLK,2025-09-30,0.02382967992939354
BLK,2025-06-30,0.03241692273254512
BLK,2025-03-31,0.0314347572653843
BLK,2024-12-31,0.035161595957469205
BX,2025-12-31,0.11715399619134488
BX,2025-09-30,0.07446116024942678
BX,2025-06-30,0.09150059641975739
BX,2025-03-31,0.07706727900808712
BX,2024-12-31,0.0857093871513303
XYZ,2025-12-31,0.005213499848993063
XYZ,2025-09-30,0.02050632418727389
XYZ,2025-06-30,0.024301787017961166
XYZ,2025-03-31,0.008843927722670912
XYZ,2024-12-31,0.09150019851483444
XYZ,2024-09-30,
BK,2026-03-31,0.03644240001786392
BK,2025-12-31,0.032970008801029044
BK,2025-09-30,0.03293147063515577
BK,2025-06-30,0.03237770193401593
BK,2025-03-31,0.028293791599990722
BA,2026-03-31,-0.0006681142475363287
BA,2025-12-31,1.507150715071507
BA,2025-09-30,0.6469090909090909
BA,2025-06-30,0.18543247344461306
BA,2025-03-31,0.011127819548872181
BKNG,2026-03-31,-0.12414030261348005
BKNG,2025-12-31,-0.25600573682323413
BKNG,2025-09-30,-0.5802364864864865
BKNG,2025-06-30,-0.1344449451704972
BKNG,2025-03-31,-0.05448298429319372
BKNG,2024-12-31,
BSX,2026-03-31,0.05184812867305908
BSX,2025-12-31,0.027731924727632883
BSX,2025-09-30,0.032271852960034195
BSX,2025-06-30,0.03555178874119012
BSX,2025-03-31,0.03034395822078156
BSX,2024-12-31,
BSX,2024-09-30,
BMY,2026-03-31,0.13339645206298584
BMY,2025-12-31,0.058842635197315
BMY,2025-09-30,0.11863949978438983
BMY,2025-06-30,0.07513622024663034
BMY,2025-03-31,0.14123871412962216
BMY,2024-12-31,
BMY,2024-09-30,
AVGO,2026-01-31,0.09200971554487179
AVGO,2025-10-31,0.10478275845101609
AVGO,2025-07-31,0.05649794614954215
AVGO,2025-04-30,0.07135055902049263
AVGO,2025-01-31,0.07885196807519809
AVGO,2024-10-31,
BR,2026-03-31,0.09802043422733078
BR,2025-12-31,0.09884003611863583
BR,2025-09-30,0.06276563448694596
BR,2025-06-30,0.1409310033142513
BR,2025-03-31,0.10203995970449967
BRO,2026-03-31,0.03383906585113988
BRO,2025-12-31,0.021040886267633698
BRO,2025-09-30,0.018327143549168416
BRO,2025-06-30,0.019924098671726755
BRO,2025-03-31,0.04852660900161267
BRO,2024-12-31,
BF-B,2026-01-31,0.06540911317981382
BF-B,2025-10-31,0.05418480890179003
BF-B,2025-07-31,0.04262788365095286
BF-B,2025-04-30,0.03656398697721012
BF-B,2025-01-31,0.07062516348417473
BF-B,2024-10-31,
BLDR,2026-03-31,-0.011841007736837637
BLDR,2025-12-31,0.007233038719504
BLDR,2025-09-30,0.02835464341343718
BLDR,2025-06-30,0.044286004233511374
BLDR,2025-03-31,0.022016570038590266
BLDR,2024-12-31,
BG,2026-03-31,0.004238080398878155
BG,2025-12-31,0.005973340040241449
BG,2025-09-30,0.010527650938609842
BG,2025-06-30,0.032527795644583295
BG,2025-03-31,0.019001701644923426
BXP,2025-12-31,0.04817906977826958
BXP,2025-09-30,-0.024305625588484623
BXP,2025-06-30,0.016897253524510294
BXP,2025-03-31,0.01148026921969749
BXP,2024-12-31,-0.042201864299543354
CHRW,2026-03-31,0.08639820763901154
CHRW,2025-12-31,0.07386081953916432
CHRW,2025-09-30,0.08776704445405352
CHRW,2025-06-30,0.08544727124777304
CHRW,2025-03-31,0.07799622418538961
CHRW,2024-12-31,
CHRW,2024-09-30,
CDNS,2026-03-31,0.05115627414191012
CDNS,2025-12-31,0.07090302640705523
CDNS,2025-09-30,0.05522636844532854
CDNS,2025-06-30,0.03196839812261487
CDNS,2025-03-31,0.057278952954164734
CPT,2026-03-31,0.010536163098186446
CPT,2025-12-31,0.03576737589692937
CPT,2025-09-30,0.02401388093758494
CPT,2025-06-30,0.01758479864239338
CPT,2025-03-31,0.00841221454765766
CPB,2026-01-31,0.03620474406991261
CPB,2025-10-31,0.04902704068738944
CPB,2025-07-31,0.0371604305484367
CPB,2025-04-30,0.017054263565891473
CPB,2025-01-31,0.04424552429667519
COF,2025-12-31,0.018782565835797776
COF,2025-09-30,0.02804600528937819
COF,2025-06-30,-0.038546811348642705
COF,2025-03-31,0.022095621793459443
COF,2024-12-31,0.018031060805475126
CAH,2026-03-31,-0.1408898305084746
CAH,2025-12-31,-0.16192787794729543
CAH,2025-09-30,-0.15630427231677665
CAH,2025-06-30,-0.08594030924128011
CAH,2025-03-31,-0.17164179104477612
CCL,2026-02-28,0.019798940986877445
CCL,2025-11-30,0.034353630739172906
CCL,2025-08-31,0.15526492287055668
CCL,2025-05-31,0.05645483613109512
CCL,2025-02-28,-0.008493956223456387
CCL,2024-11-30,
CCL,2024-08-31,
CARR,2026-03-31,0.017692536425810288
CARR,2025-12-31,0.0038394668212112433
CARR,2025-09-30,0.029498931697567028
CARR,2025-06-30,0.040187678498572015
CARR,2025-03-31,0.029727974601342088
CVNA,2026-03-31,0.06720430107526881
CVNA,2025-12-31,0.24905550712002325
CVNA,2025-09-30,0.06625713032031592
CVNA,2025-06-30,0.10578034682080925
CVNA,2025-03-31,0.14361702127659576
CVNA,2024-12-31,
CVNA,2024-09-30,
CASY,2026-01-31,0.033754640280161986
CASY,2025-10-31,0.054163140420545534
CASY,2025-07-31,0.05915244358331058
CASY,2025-04-30,0.028018308931874472
CASY,2025-01-31,0.025486961112171073
CAT,2025-12-31,0.11267473496575664
CAT,2025-09-30,0.11133701229547875
CAT,2025-06-30,0.11676759016129896
CAT,2025-03-31,0.11086511318979354
CAT,2024-12-31,0.14319429480272947
CBOE,2026-03-31,0.07177817065227506
CBOE,2025-12-31,0.0610123970963159
CBOE,2025-09-30,0.061577514381051815
CBOE,2025-06-30,0.050395489914471285
CBOE,2025-03-31,0.056288043844477886
CBOE,2024-12-31,
CBOE,2024-09-30,
CBRE,2026-03-31,0.03732394366197183
CBRE,2025-12-31,0.04685740031538635
CBRE,2025-09-30,0.042530755711775045
CBRE,2025-06-30,0.02605113292136193
CBRE,2025-03-31,0.01968123641632456
CBRE,2024-12-31,
CDW,2025-12-31,0.10724837880357622
CDW,2025-09-30,0.11458046225932196
CDW,2025-06-30,0.10992217898832685
CDW,2025-03-31,0.09681029658645775
CDW,2024-12-31,0.11229651039231521
COR,2025-12-31,0.29326562310043136
COR,2025-09-30,-0.2252650662889526
COR,2025-06-30,0.34713888999708614
COR,2025-03-31,0.7087724875769744
COR,2024-12-31,2.1564127460499605
CNC,2026-03-31,0.07191860736454006
CNC,2025-12-31,-0.055179672229739886
CNC,2025-09-30,-0.3165457322894787
CNC,2025-06-30,-0.009231555133912281
CNC,2025-03-31,0.046962315517982516
CNC,2024-12-31,
CNC,2024-09-30,
CNP,2026-03-31,0.027600663813433488
CNP,2025-12-31,0.023670761230162287
CNP,2025-09-30,0.02655188038060716
CNP,2025-06-30,0.017968962700789546
CNP,2025-03-31,0.027110908261068007
CNP,2024-12-31,
CNP,2024-09-30,
CF,2025-12-31,0.08350558081852005
CF,2025-09-30,0.07279851515776449
CF,2025-06-30,0.07777553898851501
CF,2025-03-31,0.06527196652719665
CF,2024-12-31,0.06579739217652959
CRL,2025-12-31,-0.08738936305350073
CRL,2025-09-30,0.01598085891170298
CRL,2025-06-30,0.015604232341610003
CRL,2025-03-31,0.00797317501978502
CRL,2024-12-31,-0.062313682813506154
SCHW,2025-12-31,0.049752149721800705
SCHW,2025-09-30,0.047748258545277825
SCHW,2025-06-30,0.04299205273907505
SCHW,2025-03-31,0.03855708832380683
SCHW,2024-12-31,0.03803617571059432
CHTR,2026-03-31,0.07097955447055233
CHTR,2025-12-31,0.08296997632988663
CHTR,2025-09-30,0.07411994784876141
CHTR,2025-06-30,0.08026405083595534
CHTR,2025-03-31,0.07490613651751092
CHTR,2024-12-31,
CHTR,2024-09-30,
CVX,2025-12-31,0.014856529900777689
CVX,2025-09-30,0.018641719736835174
CVX,2025-06-30,0.01700622195510084
CVX,2025-03-31,0.02345152903969339
CVX,2024-12-31,0.021264722488478053
CMG,2026-03-31,0.12577654004863695
CMG,2025-12-31,0.11691202628976753
CMG,2025-09-30,0.11859783142417465
CMG,2025-06-30,0.12361193188018237
CMG,2025-03-31,0.11074568188120332
CB,2026-03-31,0.031441426790264
CB,2025-12-31,0.043521292894233767
CB,2025-09-30,0.03898128174796465
CB,2025-06-30,0.04276965199221846
CB,2025-03-31,0.020250737911937437
CB,2024-09-30,
CHD,2026-03-31,0.05167224080267559
CHD,2025-12-31,0.035855279596222075
CHD,2025-09-30,0.043144683874023204
CHD,2025-06-30,0.04347133395543619
CHD,2025-03-31,0.04836299714348495
CHD,2024-12-31,
CHD,2024-09-30,
CIEN,2026-01-31,0.053819388488152306
CIEN,2025-10-31,0.007140598602657143
CIEN,2025-07-31,0.0180490015251313
CIEN,2025-04-30,0.0032304667338284867
CIEN,2025-01-31,0.01595630238503261
CIEN,2024-10-31,
CI,2026-03-31,0.039185027244728735
CI,2025-12-31,0.029583103588809244
CI,2025-09-30,0.044683650281066856
CI,2025-06-30,0.03809618540806684
CI,2025-03-31,0.0328891761547258
CI,2024-12-31,
CI,2024-09-30,
CINF,2026-03-31,0.017436680666921216
CINF,2025-12-31,0.042486330211803154
CINF,2025-09-30,0.07282876801246267
CINF,2025-06-30,0.04789874833927697
CINF,2025-03-31,-0.006560723137483598
CTAS,2026-02-28,0.10494064488993467
CTAS,2025-11-30,0.11117944348666894
CTAS,2025-08-31,0.1032739659776689
CTAS,2025-05-31,0.0956895758569626
CTAS,2025-02-28,0.10093030689980158
CSCO,2026-01-31,0.06652976552186576
CSCO,2025-10-31,0.061015936679965015
CSCO,2025-07-31,0.05443716243622313
CSCO,2025-04-30,0.05422880156743224
CSCO,2025-01-31,0.05332747638919394
C,2025-12-31,0.011639683264952353
C,2025-09-30,0.01761312158780977
C,2025-06-30,0.01884889926930617
C,2025-03-31,0.01913298934126775
C,2024-12-31,0.013691406437262103
CFG,2025-12-31,0.02006307709845347
CFG,2025-09-30,0.019125788841999305
CFG,2025-06-30,0.01727827534279147
CFG,2025-03-31,0.015000402155553769
CFG,2024-12-31,0.016533355322833346
CFG,2024-09-30,
CLX,2026-03-31,-2.791044776119403
CLX,2025-12-31,-1.256
CLX,2025-09-30,-3.6363636363636362
CLX,2025-06-30,1.0342679127725856
CLX,2025-03-31,6.888888888888889
CLX,2024-12-31,
CME,2026-03-31,0.043365066007468575
CME,2025-12-31,0.0411755696493341
CME,2025-09-30,0.03220966076983927
CME,2025-06-30,0.03695518944446447
CME,2025-03-31,0.03537459259286663
CMS,2026-03-31,0.035918022395943376
CMS,2025-12-31,0.03160542432195976
CMS,2025-09-30,0.03125
CMS,2025-06-30,0.02394567548248749
CMS,2025-03-31,0.03647270545890822
CMS,2024-12-31,
KO,2026-03-31,0.11667112657211667
KO,2025-12-31,0.0705959153222046
KO,2025-09-30,0.1182833552020994
KO,2025-06-30,0.13328668882280917
KO,2025-03-31,0.12708953514998855
KO,2024-12-31,
KO,2024-09-30,
CTSH,2026-03-31,0.04393416511813114
CTSH,2025-12-31,0.04315684315684316
CTSH,2025-09-30,0.018392965026515405
CTSH,2025-06-30,0.04218995290423862
CTSH,2025-03-31,0.0444996308477079
CTSH,2024-12-31,
CTSH,2024-09-30,
COHR,2025-12-31,0.017181392939183745
COHR,2025-09-30,0.027154816489134845
COHR,2025-06-30,-0.011764474287243434
COHR,2025-03-31,0.0020105751312165495
COHR,2024-12-31,0.01360850009674757
COIN,2025-12-31,-0.04507066760638673
COIN,2025-09-30,0.02699531629839288
COIN,2025-06-30,0.11814081137908748
COIN,2025-03-31,0.006267338158085791
COIN,2024-12-31,0.12563937443039408
COIN,2024-09-30,
CL,2026-03-31,4.455172413793103
CL,2025-12-31,-0.6851851851851852
CL,2025-09-30,0.8586448598130841
CL,2025-06-30,1.0584045584045585
CL,2025-03-31,1.9008264462809918
CMCSA,2026-03-31,0.024627863243990303
CMCSA,2025-12-31,0.022372888352269797
CMCSA,2025-09-30,0.034321854945869944
CMCSA,2025-06-30,0.11484651681448824
CMCSA,2025-03-31,0.03895519287148826
CMCSA,2024-12-31,
CMCSA,2024-09-30,
FIX,2026-03-31,0.13157075829612852
FIX,2025-12-31,0.1350904575105747
FIX,2025-09-30,0.1305708014646819
FIX,2025-06-30,0.11710985491644975
FIX,2025-03-31,0.09526604476163089
FIX,2024-12-31,
CAG,2026-02-28,0.02447299763599172
CAG,2025-11-30,-0.08201908340337173
CAG,2025-08-31,0.018450391439915656
CAG,2025-05-31,0.02865874819483471
CAG,2025-02-28,0.01652789010263011
CAG,2024-11-30,
CAG,2024-08-31,
COP,2026-03-31,0.033823461055763004
COP,2025-12-31,0.02236109603485974
COP,2025-09-30,0.02658533955608952
COP,2025-06-30,0.030058561581162692
COP,2025-03-31,0.04367086667279806
COP,2024-12-31,
ED,2025-12-31,0.012277800744109136
ED,2025-09-30,0.028467394902350215
ED,2025-06-30,0.010355278666442163
ED,2025-03-31,0.03325905058234874
ED,2024-12-31,0.014115290046443858
ED,2024-09-30,
STZ,2026-02-28,0.024967831337226565
STZ,2025-11-30,0.06520724179073507
STZ,2025-08-31,0.062130019732280946
STZ,2025-05-31,0.0710343403757484
STZ,2025-02-28,-0.0545335658238884
STZ,2024-11-30,
STZ,2024-08-31,
CEG,2025-12-31,0.029758214507129573
CEG,2025-09-30,0.06480836236933799
CEG,2025-06-30,0.06239773910456641
CEG,2025-03-31,0.009107749305341155
CEG,2024-12-31,0.06471213732340877
CEG,2024-09-30,
COO,2026-01-31,0.01563882445778235
COO,2025-10-31,0.01026836106761825
COO,2025-07-31,0.011768508763528397
COO,2025-04-30,0.010581691381411455
COO,2025-01-31,0.012833290268600889
CPRT,2026-01-31,0.03582903133043111
CPRT,2025-10-31,0.04205285392728473
CPRT,2025-07-31,0.043142764372349596
CPRT,2025-04-30,0.04630452832547924
CPRT,2025-01-31,0.04666763117922985
CPRT,2024-10-31,
GLW,2026-03-31,0.03140873687775144
GLW,2025-12-31,0.04573558058778691
GLW,2025-09-30,0.037274618585298194
GLW,2025-06-30,0.04219143576826197
GLW,2025-03-31,0.014650989175065323
CPAY,2025-12-31,0.06809816203656976
CPAY,2025-09-30,0.06819481653540467
CPAY,2025-06-30,0.07233364379381521
CPAY,2025-03-31,0.07042401550044645
CPAY,2024-12-31,0.07877260082335631
CPAY,2024-09-30,
CTVA,2025-12-31,-0.02286282306163022
CTVA,2025-09-30,-0.012688845711566676
CTVA,2025-06-30,0.0507159674244471
CTVA,2025-03-31,0.026847848466131356
CTVA,2024-12-31,-0.0017234856446256674
CTVA,2024-09-30,
CSGP,2026-03-31,0.0003791229622140781
CSGP,2025-12-31,0.005579553635709143
CSGP,2025-09-30,-0.0035864342254926995
CSGP,2025-06-30,0.0007208128909247332
CSGP,2025-03-31,-0.0017531147004511349
COST,2026-02-28,0.06342132327733974
COST,2025-11-30,0.06603306603306604
COST,2025-08-31,0.08949389658483062
COST,2025-05-31,0.07015668202764977
COST,2025-02-28,0.06990655667201001
COST,2024-08-31,
CTRA,2025-12-31,0.024801186143685133
CTRA,2025-09-30,0.02187797255061829
CTRA,2025-06-30,0.03510579829623523
CTRA,2025-03-31,0.03627671541057368
CTRA,2024-12-31,0.02263374485596708
CTRA,2024-09-30,
CRH,2026-03-31,-0.007628624680334619
CRH,2025-12-31,0.04257623729378437
CRH,2025-09-30,0.06418121755545068
CRH,2025-06-30,0.05902886551801298
CRH,2025-03-31,-0.004450968322363748
CRWD,2026-01-31,0.013408258983513196
CRWD,2025-10-31,-0.00846434094187049
CRWD,2025-07-31,-0.020676501591831084
CRWD,2025-04-30,-0.03193593976255891
CRWD,2025-01-31,-0.028139097068023297
CCI,2025-12-31,-0.1798165137614679
CCI,2025-09-30,-0.21634293369055593
CCI,2025-06-30,-0.2105643994211288
CCI,2025-03-31,0.37031125299281725
CCI,2024-12-31,35.849624060150376
CSX,2026-03-31,0.0594475138121547
CSX,2025-12-31,0.05473204104903079
CSX,2025-09-30,0.05441856818003607
CSX,2025-06-30,0.0670061429033301
CSX,2025-03-31,0.05308134757600658
CSX,2024-12-31,
CSX,2024-09-30,
CMI,2026-03-31,0.052951178042263784
CMI,2025-12-31,0.0480200825977812
CMI,2025-09-30,0.04442970822281167
CMI,2025-06-30,0.0754941046738485
CMI,2025-03-31,0.07543024533138044
CMI,2024-12-31,
CMI,2024-09-30,
CVS,2026-03-31,0.037995765337740135
CVS,2025-12-31,0.039128353763926926
CVS,2025-09-30,-0.05450581395348837
CVS,2025-06-30,0.013194794453275437
CVS,2025-03-31,0.023125219358109426
CVS,2024-12-31,
DHR,2026-03-31,0.01943379478365975
DHR,2025-12-31,0.022785243842083223
DHR,2025-09-30,0.017779170174854614
DHR,2025-06-30,0.010604960446363741
DHR,2025-03-31,0.018761430903262603
DHR,2024-12-31,
DHR,2024-09-30,
DRI,2026-02-28,0.14581749049429657
DRI,2025-11-30,0.1140165352816766
DRI,2025-08-31,0.11583393242271747
DRI,2025-05-31,0.13144118028814952
DRI,2025-02-28,0.14679981842941445
DRI,2024-11-30,
DDOG,2025-12-31,0.012477071201321684
DDOG,2025-09-30,0.00985281691410414
DDOG,2025-06-30,0.0008282857551434606
DDOG,2025-03-31,0.008448664471929327
DDOG,2024-12-31,0.016797311192349732
DDOG,2024-09-30,
DVA,2026-03-31,-0.261457373698868
DVA,2025-12-31,-0.3597350256956881
DVA,2025-09-30,-0.2628760880893344
DVA,2025-06-30,-0.5392835596388851
DVA,2025-03-31,-0.6099453015900352
DVA,2024-12-31,
DVA,2024-09-30,
DECK,2025-12-31,0.1843853158553475
DECK,2025-09-30,0.10873833651658739
DECK,2025-06-30,0.05641506979390706
DECK,2025-03-31,0.06025078262627372
DECK,2024-12-31,0.1736024560239217
DE,2026-01-31,0.024942965779467682
DE,2025-10-31,0.041040462427745665
DE,2025-07-31,0.05120158887785502
DE,2025-04-30,0.07427842055420596
DE,2025-01-31,0.03865830330530717
DE,2024-10-31,
DELL,2026-01-31,-0.9145748987854251
DELL,2025-10-31,-0.5908396946564886
DELL,2025-07-31,-0.420824295010846
DELL,2025-04-30,-0.3191137566137566
DELL,2025-01-31,-1.116059379217274
DELL,2024-10-31,
DAL,2026-03-31,-0.014183352964271692
DAL,2025-12-31,0.058456816764973864
DAL,2025-09-30,0.07528424184464988
DAL,2025-06-30,0.12213302752293578
DAL,2025-03-31,0.01553699747523791
DAL,2024-12-31,
DAL,2024-09-30,
DVN,2025-12-31,0.036192684183410616
DVN,2025-09-30,0.0447557003257329
DVN,2025-06-30,0.059694555112881804
DVN,2025-03-31,0.03396356136129254
DVN,2024-12-31,0.04408112582781457
DVN,2024-09-30,
DXCM,2026-03-31,0.06746930907369204
DXCM,2025-12-31,0.0973415877640204
DXCM,2025-09-30,0.10410476504897105
DXCM,2025-06-30,0.06987680230072675
DXCM,2025-03-31,0.04650136768728492
FANG,2025-12-31,-0.03943524829600779
FANG,2025-09-30,0.026043798608268522
FANG,2025-06-30,0.017977932666340887
FANG,2025-03-31,0.03651911730304369
FANG,2024-12-31,0.028460886156455374
FANG,2024-09-30,
DLR,2026-03-31,0.007671526161451576
DLR,2025-12-31,0.004302907183098696
DLR,2025-09-30,0.002945142742485026
DLR,2025-06-30,0.045043740156626405
DLR,2025-03-31,0.005164165852492144
DLR,2024-12-31,
DLR,2024-09-30,
DG,2026-01-31,0.050082460424517874
DG,2025-10-31,0.03452872782532427
DG,2025-07-31,0.051350383562125984
DG,2025-04-30,0.05087553803950147
DG,2025-01-31,0.025792360016385865
DLTR,2026-01-31,0.13478388239367226
DLTR,2025-10-31,0.07059774295032759
DLTR,2025-07-31,0.0522592993259549
DLTR,2025-04-30,0.08794304445810285
DLTR,2025-01-31,-0.9292251219389551
DLTR,2024-10-31,
D,2026-03-31,0.021305794764469758
D,2025-12-31,0.019495925454733005
D,2025-09-30,0.03632949333718537
D,2025-06-30,0.027925776226345764
D,2025-03-31,0.02430111456239722
D,2024-12-31,
D,2024-09-30,
DPZ,2026-03-31,-0.035786824573631484
DPZ,2025-12-31,-0.04656149404456439
DPZ,2025-09-30,-0.0351641700482009
DPZ,2025-06-30,-0.032981962835757925
DPZ,2025-03-31,-0.03824761902814638
DPZ,2024-12-31,
DASH,2025-12-31,0.021229941194059604
DASH,2025-09-30,0.025697735650342286
DASH,2025-06-30,0.03193993051664239
DASH,2025-03-31,0.02300631779711527
DASH,2024-12-31,0.018069973087274125
DOV,2026-03-31,0.03183399587123222
DOV,2025-12-31,0.03809144539665743
DOV,2025-09-30,0.03940995983784805
DOV,2025-06-30,0.037502024174523155
DOV,2025-03-31,0.032337984694653106
DOW,2026-03-31,-0.03495311167945439
DOW,2025-12-31,-0.09638930534732634
DOW,2025-09-30,0.0035345761359101536
DOW,2025-06-30,-0.048459172421797925
DOW,2025-03-31,-0.018286871574934478
DOW,2024-12-31,
DHI,2026-03-31,0.027423410000931184
DHI,2025-12-31,0.024787981079785793
DHI,2025-09-30,0.03742393676830478
DHI,2025-06-30,0.04259777407298081
DHI,2025-03-31,0.03331264310172606
DTE,2026-03-31,0.020043820498255295
DTE,2025-12-31,0.029992684711046085
DTE,2025-09-30,0.03446290508307288
DTE,2025-06-30,0.019535915372803275
DTE,2025-03-31,0.03732908313060985
DTE,2024-09-30,
DUK,2026-03-31,0.02846282387939108
DUK,2025-12-31,0.02283862505304579
DUK,2025-09-30,0.027612607360771053
DUK,2025-06-30,0.019335442416144308
DUK,2025-03-31,0.027215314781922243
DUK,2024-12-31,
DUK,2024-09-30,
DD,2026-03-31,0.011467236467236467
DD,2025-12-31,-0.009052374452187657
DD,2025-09-30,-0.005372586703939897
DD,2025-06-30,0.00255809920221991
DD,2025-03-31,-0.025794867303144432
DD,2024-12-31,
DD,2024-09-30,
ETN,2026-03-31,0.04391258049794635
ETN,2025-12-31,0.058275418275418274
ETN,2025-09-30,0.053600806665605266
ETN,2025-06-30,0.0527786735461679
ETN,2025-03-31,0.052091213660434454
ETN,2024-12-31,
EBAY,2026-03-31,0.11604714415231188
EBAY,2025-12-31,0.11440953412784399
EBAY,2025-09-30,0.13392667938122482
EBAY,2025-06-30,0.07748999789429353
EBAY,2025-03-31,0.1008080808080808
SATS,2025-12-31,-0.20937013942943405
SATS,2025-09-30,-1.8386442835309715
SATS,2025-06-30,-0.015511345101942105
SATS,2025-03-31,-0.010129576956250778
SATS,2024-12-31,0.016602784595321208
SATS,2024-09-30,
ECL,2025-12-31,0.05771277684529414
ECL,2025-09-30,0.06019137771375656
ECL,2025-06-30,0.05624282480177677
ECL,2025-03-31,0.04534802496676356
ECL,2024-12-31,0.0540006623045916
EIX,2026-03-31,0.032909930715935336
EIX,2025-12-31,0.10939188804823938
EIX,2025-09-30,0.05176333430486738
EIX,2025-06-30,0.023852331295696992
EIX,2025-03-31,0.0897605582962339
EIX,2024-09-30,
EW,2025-12-31,0.008822163751741217
EW,2025-09-30,0.028525232729054384
EW,2025-06-30,0.031274596265634926
EW,2025-03-31,0.035345108454194515
EW,2024-12-31,0.03856617058729397
EW,2024-09-30,
EA,2025-12-31,0.014304291287386216
EA,2025-09-30,0.022833333333333334
EA,2025-06-30,0.033048339362051954
EA,2025-03-31,0.03977450673347949
EA,2024-12-31,0.03953049109552078
ELV,2026-03-31,0.04018040180401804
ELV,2025-12-31,0.012465247709767103
ELV,2025-09-30,0.02705162332491525
ELV,2025-06-30,0.039865513928914506
ELV,2025-03-31,0.051361080394325104
ELV,2024-09-30,
EME,2026-03-31,0.07900709135482663
EME,2025-12-31,0.1182943996968925
EME,2025-09-30,0.0885570477646146
EME,2025-06-30,0.09901687671487852
EME,2025-03-31,0.08158661295740921
EME,2024-12-31,
EMR,2026-03-31,0.03043885140127075
EMR,2025-12-31,0.02983676086206046
EMR,2025-09-30,0.03135785425500444
EMR,2025-06-30,0.02949169602415702
EMR,2025-03-31,0.02519611408384851
EMR,2024-09-30,
ETR,2026-03-31,0.0225290156808129
ETR,2025-12-31,0.01418368451704073
ETR,2025-09-30,0.04191792651194938
ETR,2025-06-30,0.02910960340467526
ETR,2025-03-31,0.023866616890493714
EOG,2026-03-31,0.06406108450886502
EOG,2025-12-31,0.02349746924546643
EOG,2025-09-30,0.048571900280667
EOG,2025-06-30,0.04600177850742185
EOG,2025-03-31,0.049566336902019247
EPAM,2025-12-31,0.029738177637164537
EPAM,2025-09-30,0.028665732217898855
EPAM,2025-06-30,0.02399980369596868
EPAM,2025-03-31,0.020172765092512725
EPAM,2024-12-31,0.028463211425293265
EPAM,2024-09-30,
EQT,2026-03-31,0.059207896440433505
EQT,2025-12-31,0.02850621847802671
EQT,2025-09-30,0.014507061319504957
EQT,2025-06-30,0.03660259923092937
EQT,2025-03-31,0.011687440992997353
EFX,2026-03-31,0.03776950690422182
EFX,2025-12-31,0.03818169971548335
EFX,2025-09-30,0.03243899969626405
EFX,2025-06-30,0.03748407955324777
EFX,2025-03-31,0.026720468963302015
EQIX,2026-03-31,0.02902503846691845
EQIX,2025-12-31,0.018719977394744278
EQIX,2025-09-30,0.02641802641802642
EQIX,2025-06-30,0.026128940641863108
EQIX,2025-03-31,0.024695802433580532
EQIX,2024-12-31,
EQR,2026-03-31,0.00844153781261471
EQR,2025-12-31,0.03460490283067544
EQR,2025-09-30,0.026075988261199938
EQR,2025-06-30,0.017473849771002962
EQR,2025-03-31,0.023226607696158256
EQR,2024-12-31,
ERIE,2026-03-31,0.06393569464644674
ERIE,2025-12-31,0.027757169872303006
ERIE,2025-09-30,0.07919560929594374
ERIE,2025-06-30,0.07996401996754472
ERIE,2025-03-31,0.0669537973957978
ESS,2026-03-31,0.019535332614490395
ESS,2025-12-31,0.014540261870165007
ESS,2025-09-30,0.02923313129648558
ESS,2025-06-30,0.039281671493131894
ESS,2025-03-31,0.03646498447666347
ESS,2024-12-31,
ESS,2024-09-30,
EL,2026-03-31,0.022289005760080142
EL,2025-12-31,0.04018853882411312
EL,2025-09-30,0.012082262210796915
EL,2025-06-30,-0.14126778783958602
EL,2025-03-31,0.03659378596087457
EL,2024-12-31,
EL,2024-09-30,
EG,2026-03-31,0.042704859067425285
EG,2025-12-31,0.02884864165588616
EG,2025-09-30,0.016584287200832465
EG,2025-06-30,0.045272969374167776
EG,2025-03-31,0.01485148514851485
EVRG,2025-12-31,0.008247483196853629
EVRG,2025-09-30,0.046165359458067275
EVRG,2025-06-30,0.017200867574406555
EVRG,2025-03-31,0.012587356252391598
EVRG,2024-12-31,0.007855349070818684
EVRG,2024-09-30,
ES,2025-12-31,0.026010924926797855
ES,2025-09-30,0.02293132438039087
ES,2025-06-30,0.022515811681644418
ES,2025-03-31,0.035902403564453685
ES,2024-12-31,0.004822005045817359
ES,2024-09-30,
EXC,2025-12-31,0.020626432391138275
EXC,2025-09-30,0.031124390851207627
EXC,2025-06-30,0.014156408399710356
EXC,2025-03-31,0.032890209004962506
EXC,2024-12-31,0.024033282567512353
EXE,2026-03-31,0.05929601964596337
EXE,2025-12-31,0.029766390354182368
EXE,2025-09-30,0.030137741046831958
EXE,2025-06-30,0.053966661091598374
EXE,2025-03-31,-0.0144843231923681
EXE,2024-12-31,
EXPE,2025-12-31,0.15965732087227413
EXPE,2025-09-30,0.7172774869109948
EXPE,2025-06-30,0.39473684210526316
EXPE,2025-03-31,-0.1865671641791045
EXPE,2024-12-31,0.1920359666024406
EXPE,2024-09-30,
EXPD,2025-12-31,0.08520300063719603
EXPD,2025-09-30,0.09746351739737116
EXPD,2025-06-30,0.083619316064744
EXPD,2025-03-31,0.08915732015744221
EXPD,2024-12-31,0.10610738943379523
EXR,2026-03-31,0.018074431763632874
EXR,2025-12-31,0.021394435235893013
EXR,2025-09-30,0.012189941253321707
EXR,2025-06-30,0.01810846647362068
EXR,2025-03-31,0.01950595195274472
XOM,2026-03-31,0.016443838179738268
XOM,2025-12-31,0.025063033471351578
XOM,2025-09-30,0.028968264629012017
XOM,2025-06-30,0.02696949271305785
XOM,2025-03-31,0.029358252131546893
XOM,2024-12-31,
FFIV,2026-03-31,0.04048553598706699
FFIV,2025-12-31,0.05088766694627648
FFIV,2025-09-30,0.05303258714715678
FFIV,2025-06-30,0.05470313542361575
FFIV,2025-03-31,0.0439131031715019
FDS,2026-02-28,0.06249365932839606
FDS,2025-11-30,0.07038199460856762
FDS,2025-08-31,0.0702593700275291
FDS,2025-05-31,0.068923181429689
FDS,2025-02-28,0.07042578772016567
FDS,2024-08-31,
FICO,2026-03-31,-0.12583351176456595
FICO,2025-12-31,-0.08758919416370689
FICO,2025-09-30,-0.08879334442290684
FICO,2025-06-30,-0.13008660084182144
FICO,2025-03-31,-0.14466857405173425
FICO,2024-12-31,
FICO,2024-09-30,
FAST,2026-03-31,0.08517358064920416
FAST,2025-12-31,0.07455117151840958
FAST,2025-09-30,0.0861471305687508
FAST,2025-06-30,0.08675211430372433
FAST,2025-03-31,0.08094192884047367
FRT,2025-12-31,0.03993682456319098
FRT,2025-09-30,0.019178064293753606
FRT,2025-06-30,0.047988491330794525
FRT,2025-03-31,0.01997818840990626
FRT,2024-12-31,0.02066374195436112
FDX,2025-11-30,0.03397299218194741
FDX,2025-08-31,0.029671239782506933
FDX,2025-05-31,0.05870200185224763
FDX,2025-02-28,0.03403474614347761
FDX,2024-11-30,0.02800453514739229
FIS,2025-12-31,0.03669328728685517
FIS,2025-09-30,0.019048993433869687
FIS,2025-06-30,-0.033173348390739696
FIS,2025-03-31,0.005111524163568773
FIS,2024-12-31,0.01790036947381832
FIS,2024-09-30,
FITB,2025-12-31,0.03364941999631744
FITB,2025-09-30,0.03074809304969915
FITB,2025-06-30,0.029729217951145616
FITB,2025-03-31,0.02524138607067588
FITB,2024-12-31,0.03156019343344362
FITB,2024-09-30,
FSLR,2026-03-31,0.035087980363145754
FSLR,2025-12-31,0.05461138417694372
FSLR,2025-09-30,0.050574289608612544
FSLR,2025-06-30,0.04000266787423079
FSLR,2025-03-31,0.025592579953376764
FSLR,2024-12-31,
FE,2026-03-31,0.032005689900426744
FE,2025-12-31,-0.003916866506794564
FE,2025-09-30,0.034458509142053444
FE,2025-06-30,0.020854408217259358
FE,2025-03-31,0.028646455001193602
FE,2024-12-31,
FE,2024-09-30,
FISV,2025-12-31,0.03144385856079404
FISV,2025-09-30,0.03152740734843358
FISV,2025-06-30,0.040690065437239735
FISV,2025-03-31,0.03287745325297481
FISV,2024-12-31,0.034653465346534656
FISV,2024-09-30,
F,2026-03-31,0.06803193335647345
F,2025-12-31,-0.30774365821094796
F,2025-09-30,0.05163318703578663
F,2025-06-30,-0.000798987948598442
F,2025-03-31,0.01055225719726672
FTNT,2025-12-31,0.4088888888888889
FTNT,2025-09-30,0.6446741939872126
FTNT,2025-06-30,0.21359930110658124
FTNT,2025-03-31,0.220795761373478
FTNT,2024-12-31,0.35225599143124914
FTNT,2024-09-30,
FTV,2026-03-31,0.022422777859972712
FTV,2025-12-31,0.028775529178417577
FTV,2025-09-30,0.008456464582788788
FTV,2025-06-30,0.016046849866597317
FTV,2025-03-31,0.01679301316869212
FTV,2024-12-31,
FOXA,2025-12-31,0.020955344070278183
FOXA,2025-09-30,0.04906618610747051
FOXA,2025-06-30,0.059939809396422
FOXA,2025-03-31,0.03001908728093007
FOXA,2024-12-31,0.032448890822096566
FOX,2025-12-31,0.020955344070278183
FOX,2025-09-30,0.04906618610747051
FOX,2025-06-30,0.059939809396422
FOX,2025-03-31,0.03001908728093007
FOX,2024-12-31,0.032448890822096566
BEN,2026-03-31,0.022121777000610368
BEN,2025-12-31,0.021054973670982042
BEN,2025-09-30,0.00973687260925003
BEN,2025-06-30,0.007563156040282205
BEN,2025-03-31,0.012263081159889843
BEN,2024-12-31,
FCX,2025-12-31,0.021482618127943276
FCX,2025-09-30,0.03607171527963607
FCX,2025-06-30,0.042398945518453426
FCX,2025-03-31,0.01990049751243781
FCX,2024-12-31,0.01558500654115238
FCX,2024-09-30,
GRMN,2026-03-31,0.04369290814045999
GRMN,2025-12-31,0.05892195363554944
GRMN,2025-09-30,0.0473700853750206
GRMN,2025-06-30,0.04933126452057086
GRMN,2025-03-31,0.04068340302400716
IT,2025-12-31,0.7569426210035385
IT,2025-09-30,0.06352865500438414
IT,2025-06-30,0.1571048644613885
IT,2025-03-31,0.1408274771773484
IT,2024-12-31,0.2932475652402313
GE,2026-03-31,0.1054438721825331
GE,2025-12-31,0.1360496867805322
GE,2025-09-30,0.1146608547735488
GE,2025-06-30,0.10598379932061668
GE,2025-03-31,0.1027479091995221
GE,2024-12-31,
GE,2024-09-30,
GEHC,2026-03-31,0.036464191976003
GEHC,2025-12-31,0.056749205125734656
GEHC,2025-09-30,0.044631241869308516
GEHC,2025-06-30,0.05004118616144975
GEHC,2025-03-31,0.061391096114074235
GEHC,2024-12-31,
GEHC,2024-09-30,
GEV,2026-03-31,0.3408274673179141
GEV,2025-12-31,0.3277867239219896
GEV,2025-09-30,0.05227851029377747
GEV,2025-06-30,0.05790244451954489
GEV,2025-03-31,0.029510863250842338
GEV,2024-12-31,
GEN,2025-12-31,0.0823327615780446
GEN,2025-09-30,0.05453805453805454
GEN,2025-06-30,0.05708245243128964
GEN,2025-03-31,0.0625826355222565
GEN,2024-12-31,0.07391910739191074
GEN,2024-09-30,
GNRC,2025-12-31,-0.009292962906403305
GNRC,2025-09-30,0.02502545628403312
GNRC,2025-06-30,0.02879414033642181
GNRC,2025-03-31,0.017754565806909376
GNRC,2024-12-31,0.05165943812197357
GD,2026-03-31,0.04313815713792707
GD,2025-12-31,0.04461010069471548
GD,2025-09-30,0.04334124580502578
GD,2025-06-30,0.04300254452926209
GD,2025-03-31,0.0447244094488189
GIS,2026-02-28,0.03244035833163871
GIS,2025-11-30,0.04433042806234168
GIS,2025-08-31,0.1266698924957398
GIS,2025-05-31,0.03195930080876598
GIS,2025-02-28,0.06753605665428794
GIS,2024-08-31,
GM,2026-03-31,0.04192534193012975
GM,2025-12-31,-0.054156645233069914
GM,2025-09-30,0.01999276825262904
GM,2025-06-30,0.028555068336271718
GM,2025-03-31,0.04324861741129684
GPC,2026-03-31,0.04212680069812489
GPC,2025-12-31,-0.1378022247840884
GPC,2025-09-30,0.04725056098955612
GPC,2025-06-30,0.054196197122932104
GPC,2025-03-31,0.04368425322358786
GILD,2025-12-31,0.09615892872874636
GILD,2025-09-30,0.14168987929433613
GILD,2025-06-30,0.09961880559085133
GILD,2025-03-31,0.06862540444629997
GILD,2024-12-31,0.09224004138644594
GILD,2024-09-30,
GPN,2025-12-31,0.009503526336739765
GPN,2025-09-30,0.02802216931573585
GPN,2025-06-30,0.010695312612382334
GPN,2025-03-31,0.013741877316436554
GPN,2024-12-31,0.0254558140624575
GL,2025-12-31,0.04453585767298415
GL,2025-09-30,0.06817314128380507
GL,2025-06-30,0.046641004017324135
GL,2025-03-31,0.0469204573437318
GL,2024-12-31,0.048100091979674
GDDY,2026-03-31,0.9043404972608512
GDDY,2025-12-31,1.1394700139470013
GDDY,2025-09-30,2.293028322440087
GDDY,2025-06-30,0.49431256181998023
GDDY,2025-03-31,1.0991487230846269
GDDY,2024-12-31,
GDDY,2024-09-30,
GS,2025-12-31,0.036944275517715966
GS,2025-09-30,0.03294159257889744
GS,2025-06-30,0.030000966993295512
GS,2025-03-31,0.038117457763475464
GS,2024-12-31,0.033697826158234696
GS,2024-09-30,
HAL,2026-03-31,0.04276437847866419
HAL,2025-12-31,0.05630436860720772
HAL,2025-09-30,0.0017641870038224052
HAL,2025-06-30,0.04493098524512137
HAL,2025-03-31,0.019677823864184433
HAL,2024-12-31,
HIG,2026-03-31,0.04531738048599714
HIG,2025-12-31,0.05959218083144528
HIG,2025-09-30,0.05853658536585366
HIG,2025-06-30,0.05679872131521863
HIG,2025-03-31,0.0374020422702446
HIG,2024-12-31,
HAS,2025-12-31,0.3743732590529248
HAS,2025-09-30,0.5738188976377953
HAS,2025-06-30,-3.5495644960597263
HAS,2025-03-31,0.08428070775279939
HAS,2024-12-31,-0.029630269523151346
HAS,2024-09-30,
HCA,2026-03-31,-0.25702046644455023
HCA,2025-12-31,-0.31159780985564955
HCA,2025-09-30,-0.3079662605435801
HCA,2025-06-30,-0.3761948111060537
HCA,2025-03-31,-0.45751633986928103
HCA,2024-12-31,
HCA,2024-09-30,
DOC,2025-12-31,0.015195542882529205
DOC,2025-09-30,-0.015416317034726268
DOC,2025-06-30,0.003995030335137044
DOC,2025-03-31,0.005230551314617515
DOC,2024-12-31,0.0005412273088040436
DOC,2024-09-30,
HSIC,2025-12-31,0.031124807395993836
HSIC,2025-09-30,0.03005058018446891
HSIC,2025-06-30,0.024963715529753266
HSIC,2025-03-31,0.03323262839879154
HSIC,2024-12-31,0.02770409666961391
HSY,2026-03-31,0.09191359756375786
HSY,2025-12-31,0.06901752304954979
HSY,2025-09-30,0.06053746719755256
HSY,2025-06-30,0.013892426778965574
HSY,2025-03-31,0.04785655860877168
HSY,2024-12-31,
HPE,2026-01-31,0.018244934205215144
HPE,2025-10-31,0.007088464031108231
HPE,2025-07-31,0.012498975493811983
HPE,2025-04-30,-0.043993798969288136
HPE,2025-01-31,0.024857278782112274
HPE,2024-10-31,
HLT,2026-03-31,-0.06519898391193904
HLT,2025-12-31,-0.05512249443207127
HLT,2025-09-30,-0.0851581508515815
HLT,2025-06-30,-0.09586056644880174
HLT,2025-03-31,-0.06852444038373687
HLT,2024-12-31,
HLT,2024-09-30,
HD,2026-01-31,0.20065558417232499
HD,2025-10-31,0.29721030042918456
HD,2025-07-31,0.42672292545710266
HD,2025-04-30,0.4315524827152734
HD,2025-01-31,0.45135542168674697
HON,2026-03-31,0.06041206769683591
HON,2025-12-31,-0.008271001150747987
HON,2025-09-30,0.10874746752472887
HON,2025-06-30,0.09754582168375271
HON,2025-03-31,0.08297543377426558
HON,2024-12-31,
HON,2024-09-30,
HRL,2026-01-31,0.022901177804371103
HRL,2025-10-31,-0.007104896223610399
HRL,2025-07-31,0.02273115279612157
HRL,2025-04-30,0.02241153477499761
HRL,2025-01-31,0.021246603595113413
HST,2025-12-31,0.02058554437328454
HST,2025-09-30,0.024170544963218736
HST,2025-06-30,0.03329316059053932
HST,2025-03-31,0.03729323308270677
HST,2024-12-31,0.016341352700862462
HWM,2025-12-31,0.06949374182701289
HWM,2025-09-30,0.07485903169356407
HWM,2025-06-30,0.0807219357397858
HWM,2025-03-31,0.07178631051752922
HWM,2024-12-31,0.06895037329819939
HWM,2024-09-30,
HPQ,2026-01-31,-0.7114882506527415
HPQ,2025-10-31,-2.2976878612716765
HPQ,2025-07-31,-0.8468368479467259
HPQ,2025-04-30,-0.3181818181818182
HPQ,2025-01-31,-0.5270522388059702
HUBB,2025-12-31,0.058265547441461576
HUBB,2025-09-30,0.06940482981555429
HUBB,2025-06-30,0.07001749003641368
HUBB,2025-03-31,0.05203286931992396
HUBB,2024-12-31,0.05800600671338555
HUM,2026-03-31,0.06383207750269107
HUM,2025-12-31,-0.045081270884068644
HUM,2025-09-30,0.010528020732102366
HUM,2025-06-30,0.029889217944499287
HUM,2025-03-31,0.07008055884175539
HUM,2024-12-31,
HBAN,2026-03-31,0.01607499615798371
HBAN,2025-12-31,0.021321173280749322
HBAN,2025-09-30,0.02827220424307803
HBAN,2025-06-30,0.025611620795107034
HBAN,2025-03-31,0.025790349417637273
HII,2025-12-31,0.03134240094618569
HII,2025-09-30,0.02909309791332263
HII,2025-06-30,0.031134780827529702
HII,2025-03-31,0.03121726377540331
HII,2024-12-31,0.026360908701243035
HII,2024-09-30,
IBM,2026-03-31,0.03687753987990538
IBM,2025-12-31,0.17152658662092624
IBM,2025-09-30,0.06249776025801827
IBM,2025-06-30,0.07975571631102549
IBM,2025-03-31,0.039248511904761904
IEX,2026-03-31,0.02963109289347622
IEX,2025-12-31,0.03185599006828057
IEX,2025-09-30,0.03185920127636237
IEX,2025-06-30,0.032804865888922126
IEX,2025-03-31,0.02444580965545487
IEX,2024-12-31,
IEX,2024-09-30,
IDXX,2025-12-31,0.15459737645160065
IDXX,2025-09-30,0.17589832345409195
IDXX,2025-06-30,0.20152423830927177
IDXX,2025-03-31,0.167593108625406
IDXX,2024-12-31,0.13549002609519262
ITW,2025-12-31,0.24496124031007752
ITW,2025-09-30,0.2559226932668329
ITW,2025-06-30,0.235202492211838
ITW,2025-03-31,0.2159827213822894
ITW,2024-12-31,0.22617611580217128
INCY,2026-03-31,0.053945981457436065
INCY,2025-12-31,0.0579158730816077
INCY,2025-09-30,0.09119572307669815
INCY,2025-06-30,0.09710103543525227
INCY,2025-03-31,0.043135728002491026
IR,2026-03-31,0.018879421332468477
IR,2025-12-31,0.026373168942892822
IR,2025-09-30,0.024114596196591752
IR,2025-06-30,-0.011430214229774072
IR,2025-03-31,0.017787654509385013
IR,2024-12-31,
PODD,2025-12-31,0.06704942915594271
PODD,2025-09-30,0.06328108069060175
PODD,2025-06-30,0.015386719551391643
PODD,2025-03-31,0.02660254001653265
PODD,2024-12-31,0.08311323869263783
PODD,2024-09-30,
INTC,2026-03-31,-0.0334667935436379
INTC,2025-12-31,-0.005171463322862068
INTC,2025-09-30,0.03819470557268557
INTC,2025-06-30,-0.029811101008346698
INTC,2025-03-31,-0.008230081398612615
IBKR,2025-12-31,0.052955435390639564
IBKR,2025-09-30,0.05150802976889934
IBKR,2025-06-30,0.046424870466321246
IBKR,2025-03-31,0.04731230564193692
IBKR,2024-12-31,0.05070093457943925
ICE,2026-03-31,0.04793405251373906
ICE,2025-12-31,0.02943109112917171
ICE,2025-09-30,0.028487641390867197
ICE,2025-06-30,0.029918436225566024
ICE,2025-03-31,0.02849074140273111
ICE,2024-12-31,
IFF,2025-12-31,0.0021901935848523384
IFF,2025-09-30,0.002808791517449617
IFF,2025-06-30,0.04248819772285476
IFF,2025-03-31,-0.0772558245427639
IFF,2024-12-31,-0.0033251409570623103
IFF,2024-09-30,
IP,2025-12-31,-0.1607877520739192
IP,2025-09-30,-0.06363688860657157
IP,2025-06-30,0.004028576032658323
IP,2025-03-31,-0.005803670130444395
IP,2024-12-31,-0.017986051633427137
IP,2024-09-30,
INTU,2026-01-31,0.03636840724219365
INTU,2025-10-31,0.023082496635959012
INTU,2025-07-31,0.01933028919330289
INTU,2025-04-30,0.14012422360248447
INTU,2025-01-31,0.026241016212602372
INTU,2024-10-31,
ISRG,2026-03-31,0.04701135940942516
ISRG,2025-12-31,0.044591561938958704
ISRG,2025-09-30,0.04160735275876123
ISRG,2025-06-30,0.03689404170192259
ISRG,2025-03-31,0.04082682504793528
ISRG,2024-09-30,
IVZ,2026-03-31,0.021917584659322725
IVZ,2025-12-31,-0.08675496688741721
IVZ,2025-09-30,0.024682983949277433
IVZ,2025-06-30,0.014661467155862785
IVZ,2025-03-31,0.015668052276731955
IVZ,2024-12-31,
INVH,2026-03-31,0.017655637411541966
INVH,2025-12-31,0.015168100504798884
INVH,2025-09-30,0.014205152242730687
INVH,2025-06-30,0.014572076167378581
INVH,2025-03-31,0.017054707699216055
IQV,2025-12-31,0.07904044287252038
IQV,2025-09-30,0.05373376623376623
IQV,2025-06-30,0.04603669089650398
IQV,2025-03-31,0.04165969549941442
IQV,2024-12-31,0.07202900939508818
IRM,2026-03-31,-0.11824172785266965
IRM,2025-12-31,-0.09099833130650443
IRM,2025-09-30,-0.09557101099593861
IRM,2025-06-30,0.058533871228349986
IRM,2025-03-31,-0.02283685506499456
IRM,2024-12-31,
JBHT,2026-03-31,0.03938199812038756
JBHT,2025-12-31,0.05078953236739096
JBHT,2025-09-30,0.047831861553596915
JBHT,2025-06-30,0.035188067835188616
JBHT,2025-03-31,0.03044995012508169
JBHT,2024-12-31,
JBL,2026-02-28,0.16592261904761904
JBL,2025-11-30,0.10863095238095238
JBL,2025-08-31,0.1440846001321877
JBL,2025-05-31,0.17276264591439688
JBL,2025-02-28,0.0861561119293078
JBL,2024-11-30,
JKHY,2025-12-31,0.056588614553043995
JKHY,2025-09-30,0.06625120667140899
JKHY,2025-06-30,0.059884589681401444
JKHY,2025-03-31,0.05456015941615503
JKHY,2024-12-31,0.049527603495708825
J,2025-12-31,0.036443566886378814
J,2025-09-30,0.033577720543824484
J,2025-06-30,0.046992154150906025
J,2025-03-31,0.001452214083060849
J,2024-12-31,-0.004311165824368383
JNJ,2026-03-31,0.06448156086024684
JNJ,2025-12-31,0.06273913470028451
JNJ,2025-09-30,0.06498732293098881
JNJ,2025-06-30,0.07055930065117938
JNJ,2025-03-31,0.14081603912481278
JNJ,2024-12-31,
JNJ,2024-09-30,
JCI,2025-12-31,0.03968494395637685
JCI,2025-09-30,0.1309661947861066
JCI,2025-06-30,0.04428300694883133
JCI,2025-03-31,0.03024359379943056
JCI,2024-12-31,0.026352201257861634
JCI,2024-09-30,
JPM,2026-03-31,0.04530845680945396
JPM,2025-12-31,0.035937180979919325
JPM,2025-09-30,0.039957025307319025
JPM,2025-06-30,0.041989331062074836
JPM,2025-03-31,0.04166808946559672
JPM,2024-12-31,
KVUE,2025-12-31,0.030654900139340455
KVUE,2025-09-30,0.037427120556704906
KVUE,2025-06-30,0.0391425908667288
KVUE,2025-03-31,0.032030239729434
KVUE,2024-12-31,0.03030616466694249
KDP,2026-03-31,0.010688412968607735
KDP,2025-12-31,0.013834456811412448
KDP,2025-09-30,0.026141209919444006
KDP,2025-06-30,0.021893135881528917
KDP,2025-03-31,0.021147789094776454
KDP,2024-12-31,
KDP,2024-09-30,
KEY,2025-12-31,0.025023306020313038
KEY,2025-09-30,0.024325937717640037
KEY,2025-06-30,0.021812769451857936
KEY,2025-03-31,0.02131242435404936
KEY,2024-12-31,-0.013424295774647887
KEYS,2026-01-31,0.04528605962933119
KEYS,2025-10-31,0.039619112395851044
KEYS,2025-07-31,0.03368606701940035
KEYS,2025-04-30,0.0469234982654738
KEYS,2025-01-31,0.03258145363408521
KMB,2026-03-31,0.37026726057906456
KMB,2025-12-31,0.3322237017310253
KMB,2025-09-30,0.33483483483483484
KMB,2025-06-30,0.4004720692368214
KMB,2025-03-31,0.5149863760217984
KMB,2024-12-31,
KIM,2026-03-31,0.015872508616402922
KIM,2025-12-31,0.014546322709480789
KIM,2025-09-30,0.013138686549036601
KIM,2025-06-30,0.015491971760367087
KIM,2025-03-31,0.012543779553914159
KIM,2024-12-31,
KMI,2026-03-31,0.031160206883340782
KMI,2025-12-31,0.03196200500609717
KMI,2025-09-30,0.020429407937540663
KMI,2025-06-30,0.023236919077023074
KMI,2025-03-31,0.023427544518869466
KMI,2024-12-31,
KMI,2024-09-30,
KKR,2025-12-31,0.037081295624657125
KKR,2025-09-30,0.030264912652110804
KKR,2025-06-30,0.01807714165401188
KKR,2025-03-31,-0.006768259482612788
KKR,2024-12-31,0.047589022427603954
KKR,2024-09-30,
KLAC,2026-03-31,0.20598422603912703
KLAC,2025-12-31,0.2096118524676754
KLAC,2025-09-30,0.2248794450470214
KLAC,2025-06-30,0.25633693081209336
KLAC,2025-03-31,0.2717820062680739
KHC,2025-12-31,0.015625
KHC,2025-09-30,0.014837153196622436
KHC,2025-06-30,-0.1891774263745829
KHC,2025-03-31,0.014395471087747675
KHC,2024-12-31,0.043326217342685776
KHC,2024-09-30,
KR,2026-01-31,0.14526742028007425
KR,2025-10-31,-0.187446748082931
KR,2025-07-31,0.06561085972850679
KR,2025-04-30,0.09716144956804668
KR,2025-01-31,
KR,2024-10-31,
LHX,2025-12-31,0.015278838808250574
LHX,2025-09-30,0.023653491705918493
LHX,2025-06-30,0.0237576512086316
LHX,2025-03-31,0.020176676598191418
LHX,2024-12-31,0.023214102695500668
LH,2025-12-31,0.019107171860135965
LH,2025-09-30,0.03002219181547448
LH,2025-06-30,0.0280784165614267
LH,2025-03-31,0.025615716108529744
LH,2024-12-31,0.017808797595688135
LRCX,2026-03-31,0.17246085156808658
LRCX,2025-12-31,0.15711454600329253
LRCX,2025-09-30,0.15389955529183874
LRCX,2025-06-30,0.1744224756604367
LRCX,2025-03-31,0.13990666699610613
LRCX,2024-09-30,
LVS,2026-03-31,0.4732888146911519
LVS,2025-12-31,0.24842767295597484
LVS,2025-09-30,0.26670910248249524
LVS,2025-06-30,0.23154193872425916
LVS,2025-03-31,0.13041867358280845
LDOS,2025-12-31,0.06651749389747763
LDOS,2025-09-30,0.07476064371562437
LDOS,2025-06-30,0.08386958386958387
LDOS,2025-03-31,0.08527131782945736
LDOS,2024-12-31,0.0643699002719855
LEN,2026-02-28,0.010483982724187381
LEN,2025-11-30,0.022324681934861933
LEN,2025-08-31,0.026183368246440457
LEN,2025-05-31,0.021145635694634148
LEN,2025-02-28,0.02285837431282014
LII,2026-03-31,0.09654831534722794
LII,2025-12-31,0.13936892786518787
LII,2025-09-30,0.22969815905055602
LII,2025-06-30,0.3082731815657968
LII,2025-03-31,0.1520234604105572
LII,2024-12-31,
LII,2024-09-30,
LLY,2026-03-31,0.23706647862042438
LLY,2025-12-31,0.2501488599962314
LLY,2025-09-30,0.2346248733887271
LLY,2025-06-30,0.30977567873736517
LLY,2025-03-31,0.17501014919313915
LLY,2024-12-31,
LLY,2024-09-30,
LIN,2026-03-31,0.048151221282995385
LIN,2025-12-31,0.04000522944175709
LIN,2025-09-30,0.04995338719701678
LIN,2025-06-30,0.04585226535116189
LIN,2025-03-31,0.04398927219183845
LYV,2025-12-31,-0.7457371949802034
LYV,2025-09-30,0.827594276288027
LYV,2025-06-30,0.6760102202349543
LYV,2025-03-31,0.2189065521958583
LYV,2024-12-31,1.160011081419576
LYV,2024-09-30,
LMT,2026-03-31,0.19869141407397517
LMT,2025-12-31,0.199970242523434
LMT,2025-09-30,0.2619317262578871
LMT,2025-06-30,0.06411698537682789
LMT,2025-03-31,0.25617237767469697
L,2025-12-31,0.02151343251632238
L,2025-09-30,0.0275530286464028
L,2025-06-30,0.02232499714514103
L,2025-03-31,0.021522889884241756
L,2024-12-31,0.01095745927575296
LOW,2026-01-31,-0.10083694665725522
LOW,2025-10-31,-0.15565401656713543
LOW,2025-07-31,-0.21035087719298246
LOW,2025-04-30,-0.12381167949298325
LOW,2025-01-31,-0.07898250298643805
LULU,2026-01-31,0.11827688921851572
LULU,2025-10-31,0.06815491613436893
LULU,2025-07-31,0.08454101049876245
LULU,2025-04-30,0.07333415703671929
LULU,2025-01-31,0.17307929354144394
LULU,2024-10-31,
LITE,2025-12-31,0.09236947791164658
LITE,2025-09-30,0.005379098360655738
LITE,2025-06-30,0.18797920155107076
LITE,2025-03-31,-0.05014212620807277
LITE,2024-12-31,-0.06981543047116817
LYB,2026-03-31,0.012250996015936254
LYB,2025-12-31,-0.014084507042253521
LYB,2025-09-30,-0.0841588829134824
LYB,2025-06-30,0.00957259215719204
LYB,2025-03-31,0.014333688262756982
LYB,2024-12-31,
LYB,2024-09-30,
MTB,2025-12-31,0.026013640881516264
MTB,2025-09-30,0.02756892230576441
MTB,2025-06-30,0.025100788781770376
MTB,2025-03-31,0.020144182677382636
MTB,2024-12-31,0.02346091569917663
MPC,2025-12-31,0.08865657849139424
MPC,2025-09-30,0.0801310171375095
MPC,2025-06-30,0.07314725697786333
MPC,2025-03-31,-0.004513295925835569
MPC,2024-12-31,0.020907297830374753
MPC,2024-09-30,
MAR,2025-12-31,-0.11800583399628746
MAR,2025-09-30,-0.2334081436357807
MAR,2025-06-30,-0.2574224021592443
MAR,2025-03-31,-0.20991161616161616
MAR,2024-12-31,-0.15207219251336898
MRSH,2026-03-31,0.07866016885167136
MRSH,2025-12-31,0.05437086092715232
MRSH,2025-09-30,0.04929716887745001
MRSH,2025-06-30,0.07680598718843154
MRSH,2025-03-31,0.09818698897973693
MLM,2026-03-31,0.13395307658255864
MLM,2025-12-31,0.027811004784688995
MLM,2025-09-30,0.042526964560862864
MLM,2025-06-30,0.03503150699562106
MLM,2025-03-31,0.012773923576698602
MLM,2024-12-31,
MLM,2024-09-30,
MAS,2026-03-31,-0.8801652892561983
MAS,2025-12-31,-0.8870967741935484
MAS,2025-09-30,-2.4545454545454546
MAS,2025-06-30,-3.176470588235294
MAS,2025-03-31,-0.7322834645669292
MAS,2024-12-31,
MA,2026-03-31,0.5777645482958773
MA,2025-12-31,0.5247511955538322
MA,2025-09-30,0.49683704453441296
MA,2025-06-30,0.4712848592894435
MA,2025-03-31,0.4916804077349723
MA,2024-12-31,
MKC,2026-02-28,0.14645502342306205
MKC,2025-11-30,0.03950143815915628
MKC,2025-08-31,0.03919830343484912
MKC,2025-05-31,0.03124218945263684
MKC,2025-02-28,0.03013092384289139
MKC,2024-11-30,
MCD,2025-12-31,-1.2089385474860335
MCD,2025-09-30,-1.053166897827092
MCD,2025-06-30,-0.816304347826087
MCD,2025-03-31,-0.540822235089751
MCD,2024-12-31,-0.5310853530031612
MCD,2024-09-30,
MCK,2025-12-31,-0.9137134052388289
MCK,2025-09-30,-0.6382978723404256
MCK,2025-06-30,-0.398576512455516
MCK,2025-03-31,-0.6075216972034716
MCK,2024-12-31,-0.2850194552529183
MCK,2024-09-30,
MDT,2026-01-31,0.02333367357354292
MDT,2025-10-31,0.028241387815506044
MDT,2025-07-31,0.021715073183972606
MDT,2025-04-30,0.021989005497251374
MDT,2025-01-31,0.02620122704355397
MRK,2025-12-31,0.05632437364559176
MRK,2025-09-30,0.1115718418514947
MRK,2025-06-30,0.09035984732512808
MRK,2025-03-31,0.1050791352022344
MRK,2024-12-31,0.08081964027378921
MRK,2024-09-30,
META,2026-03-31,0.1098690501105954
META,2025-12-31,0.10480429749174887
META,2025-09-30,0.013959168530293817
META,2025-06-30,0.09400215307325575
META,2025-03-31,0.0899534667538602
META,2024-12-31,
MET,2025-12-31,0.02848792168462568
MET,2025-09-30,0.03095632946379215
MET,2025-06-30,0.026331948708687016
MET,2025-03-31,0.034372385698177715
MET,2024-12-31,0.04631080342503188
MTD,2025-12-31,-12.090243696056863
MTD,2025-09-30,-0.8727718521015417
MTD,2025-06-30,-0.7818913185441646
MTD,2025-03-31,-0.8989185743644976
MTD,2024-12-31,-1.9883442351643155
MGM,2026-03-31,0.05142387962301648
MGM,2025-12-31,0.12083211072641575
MGM,2025-09-30,-0.10659829049608349
MGM,2025-06-30,0.01646092333973374
MGM,2025-03-31,0.05205947411359348
MGM,2024-12-31,
MGM,2024-09-30,
MCHP,2025-12-31,0.009557344064386318
MCHP,2025-09-30,0.006228063624822642
MCHP,2025-06-30,-0.0027125169532309576
MCHP,2025-03-31,-0.021841402596668693
MCHP,2024-12-31,-0.008886678272403217
MU,2026-02-28,0.1902455181550946
MU,2025-11-30,0.0891065537530184
MU,2025-08-31,0.059097202990861256
MU,2025-05-31,0.037144320958461416
MU,2025-02-28,0.03254991466699566
MU,2024-08-31,
MSFT,2026-03-31,0.07669047004225722
MSFT,2025-12-31,0.09838951071314359
MSFT,2025-09-30,0.07642201632716016
MSFT,2025-06-30,0.07928577875212167
MSFT,2025-03-31,0.08022591498364354
MAA,2026-03-31,0.02237145842358024
MAA,2025-12-31,0.01012993790704021
MAA,2025-09-30,0.017048577432566932
MAA,2025-06-30,0.018287898717443702
MAA,2025-03-31,0.030409935634174868
MAA,2024-12-31,
MRNA,2026-03-31,-0.18129049676025918
MRNA,2025-12-31,-0.09549132947976878
MRNA,2025-09-30,-0.021436227224008574
MRNA,2025-06-30,-0.0877752952441749
MRNA,2025-03-31,-0.09646334194317505
MRNA,2024-12-31,
TAP,2026-03-31,0.015046043079615745
TAP,2025-12-31,0.02329354955377653
TAP,2025-09-30,-0.28354204801890537
TAP,2025-06-30,0.03189566019626954
TAP,2025-03-31,0.009243485634401045
TAP,2024-12-31,
TAP,2024-09-30,
MDLZ,2026-03-31,0.02174757281553398
MDLZ,2025-12-31,0.025737286167660037
MDLZ,2025-09-30,0.028383695610650572
MDLZ,2025-06-30,0.024472187225594626
MDLZ,2025-03-31,0.015590459569517162
MDLZ,2024-12-31,
MDLZ,2024-09-30,
MPWR,2025-12-31,0.04975000686677633
MPWR,2025-09-30,0.049965428298122144
MPWR,2025-06-30,0.0393072684026304
MPWR,2025-03-31,0.04095212441957631
MPWR,2024-12-31,0.49112219916133676
MNST,2025-12-31,0.054420174778425486
MNST,2025-09-30,0.06771390132676407
MNST,2025-06-30,0.06797014839033366
MNST,2025-03-31,0.06794955823652925
MNST,2024-12-31,0.045438706565164716
MNST,2024-09-30,
MCO,2026-03-31,0.2207748830995324
MCO,2025-12-31,0.15046867291563887
MCO,2025-09-30,0.16325499115491535
MCO,2025-06-30,0.1463661686502912
MCO,2025-03-31,0.16891891891891891
MCO,2024-12-31,
MCO,2024-09-30,
MS,2025-12-31,0.039388347427261
MS,2025-09-30,0.04192357359815209
MS,2025-06-30,0.032712785624491605
MS,2025-03-31,0.04039808261244055
MS,2024-12-31,0.03553692912707753
MOS,2025-12-31,-0.042987529892675985
MOS,2025-09-30,0.032189160218141416
MOS,2025-06-30,0.033027744270205064
MOS,2025-03-31,0.02022785003695554
MOS,2024-12-31,0.014718177384518916
MSI,2025-12-31,0.2692946058091286
MSI,2025-09-30,0.2415126772668672
MSI,2025-06-30,0.2606707317073171
MSI,2025-03-31,0.2620353443022547
MSI,2024-12-31,0.35877862595419846
MSI,2024-09-30,
MSCI,2026-03-31,-0.14635377239465053
MSCI,2025-12-31,-0.10723854227097727
MSCI,2025-09-30,-0.16982789441407117
MSCI,2025-06-30,-0.34263965118798295
MSCI,2025-03-31,-0.3010734740290224
NDAQ,2026-03-31,0.0431313886811269
NDAQ,2025-12-31,0.04236525721763311
NDAQ,2025-09-30,0.03518256674706812
NDAQ,2025-06-30,0.038269409872153076
NDAQ,2025-03-31,0.03421098215832323
NDAQ,2024-12-31,
NDAQ,2024-09-30,
NTAP,2026-01-31,0.28842832469775476
NTAP,2025-10-31,0.3093306288032454
NTAP,2025-07-31,0.23897435897435898
NTAP,2025-04-30,0.3269230769230769
NTAP,2025-01-31,0.3005025125628141
NTAP,2024-10-31,
NFLX,2026-03-31,0.16972059633367806
NFLX,2025-12-31,0.09086893315651398
NFLX,2025-09-30,0.09813179338010448
NFLX,2025-06-30,0.12525752047970376
NFLX,2025-03-31,0.1202905867649062
NEM,2026-03-31,0.09339746893431827
NEM,2025-12-31,0.03841497623054891
NEM,2025-09-30,0.05513754288809968
NEM,2025-06-30,0.06418161434977579
NEM,2025-03-31,0.060515873015873016
NEM,2024-12-31,
NEM,2024-09-30,
NWSA,2025-12-31,0.02195177434030937
NWSA,2025-09-30,0.012867647058823529
NWSA,2025-06-30,0.08468201504444951
NWSA,2025-03-31,0.012556381811532366
NWSA,2024-12-31,0.026383605350349736
NWSA,2024-09-30,
NWS,2025-12-31,0.02195177434030937
NWS,2025-09-30,0.012867647058823529
NWS,2025-06-30,0.08468201504444951
NWS,2025-03-31,0.012556381811532366
NWS,2024-12-31,0.026383605350349736
NWS,2024-09-30,
NEE,2026-03-31,0.039513237477816814
NEE,2025-12-31,0.028109434515089363
NEE,2025-09-30,0.04499732378509071
NEE,2025-06-30,0.03992361753646869
NEE,2025-03-31,0.016722878021360316
NKE,2026-02-28,0.036905606813342796
NKE,2025-11-30,0.05623003194888179
NKE,2025-08-31,0.05397980397980398
NKE,2025-05-31,0.015969121319912207
NKE,2025-02-28,0.056685942742914254
NI,2025-12-31,0.027280134601750244
NI,2025-09-30,0.010385821763067273
NI,2025-06-30,0.011505769772023642
NI,2025-03-31,0.053367502922399064
NI,2024-12-31,0.025782455493885446
NI,2024-09-30,
NDSN,2026-01-31,0.0428590799927766
NDSN,2025-10-31,0.04982108188046213
NDSN,2025-07-31,0.04218412796361911
NDSN,2025-04-30,0.037970424659089064
NDSN,2025-01-31,0.03290399709936449
NSC,2026-03-31,0.034611490761832446
NSC,2025-12-31,0.041422782530391715
NSC,2025-09-30,0.0469585892609471
NSC,2025-06-30,0.05193751268005681
NSC,2025-03-31,0.05168492867479843
NSC,2024-09-30,
NTRS,2026-03-31,0.04046260577641234
NTRS,2025-12-31,0.03596261739942429
NTRS,2025-09-30,0.03531954306884841
NTRS,2025-06-30,0.03274394746045933
NTRS,2025-03-31,0.030438327444966416
NOC,2026-03-31,0.05112474437627812
NOC,2025-12-31,0.08558234376874176
NOC,2025-09-30,0.06880160120090067
NOC,2025-06-30,0.07588391183504621
NOC,2025-03-31,0.032100907634810466
NOC,2024-09-30,
NCLH,2025-12-31,0.006450100638584399
NCLH,2025-09-30,0.19118975433214339
NCLH,2025-06-30,0.019108418229196532
NCLH,2025-03-31,-0.028446193314103297
NCLH,2024-12-31,0.1785667432980296
NRG,2025-12-31,0.039262343842950624
NRG,2025-09-30,0.07715736040609138
NRG,2025-06-30,-0.045454545454545456
NRG,2025-03-31,0.2700756211739287
NRG,2024-12-31,0.2594834543987086
NUE,2025-12-31,0.018055024837600304
NUE,2025-09-30,0.029224843524313916
NUE,2025-06-30,0.029574770709696406
NUE,2025-03-31,0.007773182520304948
NUE,2024-12-31,0.014143687789494432
NUE,2024-09-30,
NVDA,2026-01-31,0.27312086361122234
NVDA,2025-10-31,0.2683835588786933
NVDA,2025-07-31,0.2638743246347285
NVDA,2025-04-30,0.2239304414202736
NVDA,2025-01-31,0.2784802148070644
NVR,2025-12-31,0.09413385033231399
NVR,2025-09-30,0.08638985651269221
NVR,2025-06-30,0.08679470218309858
NVR,2025-03-31,0.0757525797387591
NVR,2024-12-31,0.10865182353175908
NXPI,2026-03-31,0.10268143131692138
NXPI,2025-12-31,0.04524661893396977
NXPI,2025-09-30,0.06281732205077153
NXPI,2025-06-30,0.04650433692130839
NXPI,2025-03-31,0.05256382750482729
NXPI,2024-12-31,
NXPI,2024-09-30,
ORLY,2025-12-31,-0.7928622706169631
ORLY,2025-09-30,-0.8113507012594503
ORLY,2025-06-30,-0.5427515419746692
ORLY,2025-03-31,-0.39668689077215025
ORLY,2024-12-31,-0.4020026827896636
OXY,2025-12-31,0.002830659932286174
OXY,2025-09-30,0.022889605912688564
OXY,2025-06-30,0.012821230614187336
OXY,2025-03-31,0.02696473841899055
OXY,2024-12-31,-0.0037179074328873795
OXY,2024-09-30,
ODFL,2025-12-31,0.05322824541637933
ODFL,2025-09-30,0.06355490106483493
ODFL,2025-06-30,0.06349549275273594
ODFL,2025-03-31,0.06012763132171234
ODFL,2024-12-31,0.06199518068655898
OMC,2026-03-31,0.0429369191806805
OMC,2025-12-31,-0.07812681598565475
OMC,2025-09-30,0.07398174842303774
OMC,2025-06-30,0.05741285548720692
OMC,2025-03-31,0.06578706667886217
ON,2025-12-31,0.02369254427690824
ON,2025-09-30,0.03225643231209047
ON,2025-06-30,0.021446201894015717
ON,2025-03-31,-0.060536245781392044
ON,2024-12-31,0.043188122413714704
ON,2024-09-30,
OKE,2026-03-31,0.03462002952095541
OKE,2025-12-31,0.04345118968201023
OKE,2025-09-30,0.04252524795072687
OKE,2025-06-30,0.03852496564360971
OKE,2025-03-31,0.029769706047556636
OKE,2024-12-31,
OKE,2024-09-30,
ORCL,2026-02-28,0.09666190414339525
ORCL,2025-11-30,0.20483456311976228
ORCL,2025-08-31,0.12118075681046618
ORCL,2025-05-31,0.16757126790865973
ORCL,2025-02-28,0.1754931261207412
ORCL,2024-11-30,
OTIS,2026-03-31,-0.05985915492957746
OTIS,2025-12-31,-0.0693620178041543
OTIS,2025-09-30,-0.06897823681298414
OTIS,2025-06-30,-0.07322526551145891
OTIS,2025-03-31,-0.047386895475819035
OTIS,2024-09-30,
PCAR,2026-03-31,0.0306378627901562
PCAR,2025-12-31,0.028908845514950165
PCAR,2025-09-30,0.030461675082349784
PCAR,2025-06-30,0.03821017178212072
PCAR,2025-03-31,0.028026700550990172
PKG,2025-12-31,0.022140060896041758
PKG,2025-09-30,0.04771317421932499
PKG,2025-06-30,0.05213618013428035
PKG,2025-03-31,0.04529694167852063
PKG,2024-12-31,0.05020435967302452
PKG,2024-09-30,
PLTR,2025-12-31,0.08239527792954039
PLTR,2025-09-30,0.07216479828333604
PLTR,2025-06-30,0.0551075148665832
PLTR,2025-03-31,0.03945886502137199
PLTR,2024-12-31,0.015791456595929666
PANW,2026-01-31,0.04599169594378793
PANW,2025-10-31,0.038545874206578186
PANW,2025-07-31,0.03243699197382547
PANW,2025-04-30,0.0362492220455017
PANW,2025-01-31,0.0418803820996659
PANW,2024-10-31,
PSKY,2026-03-31,0.014352840666381888
PSKY,2025-12-31,
PSKY,2025-06-30,0.003412152050284346
PSKY,2025-03-31,0.009190954166162777
PSKY,2024-12-31,
PSKY,2024-09-30,
PH,2026-03-31,0.061879663221301937
PH,2025-12-31,0.059045489483614
PH,2025-09-30,0.058648472091166436
PH,2025-06-30,0.0674734687911124
PH,2025-03-31,0.07176475736567034
PH,2024-12-31,
PH,2024-09-30,
PAYX,2026-02-28,0.1396003587801475
PAYX,2025-11-30,0.10190459008788433
PAYX,2025-08-31,0.09666045433939455
PAYX,2025-05-31,0.07199612403100775
PAYX,2025-02-28,0.12614779186707478
PAYX,2024-11-30,
PYPL,2025-12-31,0.07094194312796208
PYPL,2025-09-30,0.06178829587087831
PYPL,2025-06-30,0.06242265234394337
PYPL,2025-03-31,0.06354300385109114
PYPL,2024-12-31,0.05490522603712592
PNR,2026-03-31,0.04524815621637227
PNR,2025-12-31,0.042928770805334436
PNR,2025-09-30,0.04872567681895093
PNR,2025-06-30,0.04043897391209629
PNR,2025-03-31,0.042629898723029504
PNR,2024-12-31,
PEP,2026-03-31,0.10882476733853996
PEP,2025-12-31,0.12447319415858081
PEP,2025-09-30,0.13425830410563236
PEP,2025-06-30,0.06857422087088717
PEP,2025-03-31,0.09973353635325466
PFE,2025-12-31,-0.019057310698922244
PFE,2025-09-30,0.038156916412538655
PFE,2025-06-30,0.03280906477253509
PFE,2025-03-31,0.03284332174721601
PFE,2024-12-31,0.004648367969343446
PFE,2024-09-30,
PCG,2026-03-31,0.02661654135338346
PCG,2025-12-31,0.020590043023970498
PCG,2025-09-30,0.026580774282319093
PCG,2025-06-30,0.017604053100750337
PCG,2025-03-31,0.020661561023301286
PCG,2024-12-31,
PCG,2024-09-30,
PM,2026-03-31,-0.26274383015411146
PM,2025-12-31,-0.21422853712227335
PM,2025-09-30,-0.3186732636980026
PM,2025-06-30,-0.25396958047802104
PM,2025-03-31,-0.2467663517108522
PM,2024-12-31,
PSX,2026-03-31,0.007256029164329781
PSX,2025-12-31,0.09988657065273433
PSX,2025-09-30,0.004941115280306127
PSX,2025-06-30,0.0319013495325743
PSX,2025-03-31,0.01785648810178565
PNW,2025-12-31,0.002185920926513718
PNW,2025-09-30,0.0576461249356516
PNW,2025-06-30,0.028626441029507694
PNW,2025-03-31,-0.0006891733303574025
PNW,2024-12-31,-0.0010107618674947009
PNW,2024-09-30,
PNC,2025-12-31,0.03334158620120492
PNC,2025-09-30,0.030649262586879132
PNC,2025-06-30,0.028243095457149304
PNC,2025-03-31,0.02625653754099814
PNC,2024-12-31,0.029581993569131833
POOL,2026-03-31,0.046970425636115753
POOL,2025-12-31,0.026651389731435864
POOL,2025-09-30,0.09204574277659813
POOL,2025-06-30,0.14953068158550648
POOL,2025-03-31,0.043227084075043734
POOL,2024-12-31,
PPG,2026-03-31,0.04713721618953603
PPG,2025-12-31,0.037778617302606725
PPG,2025-09-30,0.058076923076923075
PPG,2025-06-30,0.05939025999736043
PPG,2025-03-31,0.05384726432799192
PPG,2024-12-31,
PPG,2024-09-30,
PPL,2025-12-31,0.017875142799543043
PPL,2025-09-30,0.022063414972594186
PPL,2025-06-30,0.012809743805123898
PPL,2025-03-31,0.02895712387214101
PPL,2024-12-31,0.012573701783050365
PPL,2024-09-30,
PFG,2026-03-31,0.03593645527409376
PFG,2025-12-31,0.04350423682461145
PFG,2025-09-30,0.018327547040418328
PFG,2025-06-30,0.03558382171296418
PFG,2025-03-31,0.004288210541330861
PFG,2024-09-30,
PG,2026-03-31,0.07214017062654803
PG,2025-12-31,0.08142757489489263
PG,2025-09-30,0.08916838746010888
PG,2025-06-30,0.06950319157117588
PG,2025-03-31,0.07210361187633915
PG,2024-12-31,
PGR,2025-12-31,0.09731886686673483
PGR,2025-09-30,0.07377627309916772
PGR,2025-06-30,0.09738068948595265
PGR,2025-03-31,0.0886578711058921
PGR,2024-12-31,0.09208315423391036
PGR,2024-09-30,
PLD,2026-03-31,0.018353524853494826
PLD,2025-12-31,0.026315084990785848
PLD,2025-09-30,0.014519960951859505
PLD,2025-06-30,0.010833386087778516
PLD,2025-03-31,0.011090030693578364
PLD,2024-12-31,
PRU,2025-12-31,0.027899377273568036
PRU,2025-09-30,0.0445877734155917
PRU,2025-06-30,0.017428552743443855
PRU,2025-03-31,0.023658936519091123
PRU,2024-12-31,-0.0020450631458094146
PRU,2024-09-30,
PEG,2025-12-31,0.018549051937345424
PEG,2025-09-30,0.036568875301311074
PEG,2025-06-30,0.03509087637214324
PEG,2025-03-31,0.03598045204642639
PEG,2024-12-31,0.017748541640809235
PTC,2025-12-31,0.04333676259668714
PTC,2025-09-30,0.09089706862814537
PTC,2025-06-30,0.0402313427461148
PTC,2025-03-31,0.04802769142908102
PTC,2024-12-31,0.025460234483582835
PTC,2024-09-30,
PSA,2026-03-31,0.057052645500924724
PSA,2025-12-31,0.054830015328507564
PSA,2025-09-30,0.0548814701008567
PSA,2025-06-30,0.03824172503715407
PSA,2025-03-31,0.042628066821544394
PSA,2024-12-31,
PHM,2026-03-31,0.026786469697128765
PHM,2025-12-31,0.03862902779897673
PHM,2025-09-30,0.04567537112203871
PHM,2025-06-30,0.048388533322857474
PHM,2025-03-31,0.04250062515384963
PHM,2024-12-31,
PWR,2026-03-31,0.024393091588996666
PWR,2025-12-31,0.035292147265085144
PWR,2025-09-30,0.0404274624698271
PWR,2025-06-30,0.029175567813182698
PWR,2025-03-31,0.01934619521340654
QCOM,2026-03-31,0.2701810983209913
QCOM,2025-12-31,0.130195466562649
QCOM,2025-09-30,-0.1469867018768273
QCOM,2025-06-30,0.09798228527325517
QCOM,2025-03-31,0.10141373341027121
QCOM,2024-12-31,
QCOM,2024-09-30,
DGX,2026-03-31,0.034211240836274776
DGX,2025-12-31,0.03417015341701534
DGX,2025-09-30,0.0337558556076054
DGX,2025-06-30,0.03901494189263974
DGX,2025-03-31,0.031750613364121806
Q,2025-12-31,0.014094432699083862
Q,2025-09-30,0.023128356900142498
Q,2025-06-30,0.019475970295642426
Q,2025-03-31,0.01886223027010714
Q,2024-12-31,-0.004321683577602405
RL,2025-12-31,0.1251904168397729
RL,2025-09-30,0.08035783440477112
RL,2025-06-30,0.08762374269470838
RL,2025-03-31,0.04983581224647479
RL,2024-12-31,0.11712350346565847
RL,2024-09-30,
RJF,2025-12-31,0.044789180588703265
RJF,2025-09-30,0.04830840598256418
RJF,2025-06-30,0.03556570682763684
RJF,2025-03-31,0.04053390108090403
RJF,2024-12-31,0.05032290530906651
RJF,2024-09-30,
RTX,2026-03-31,0.031065178032589017
RTX,2025-12-31,0.024860142539658212
RTX,2025-09-30,0.02972998108937595
RTX,2025-06-30,0.02655533831212539
RTX,2025-03-31,0.02495285779309448
O,2025-12-31,0.0075074745754138165
O,2025-09-30,0.008086201601476157
O,2025-06-30,0.005029460497974286
O,2025-03-31,0.006400382503655211
O,2024-12-31,0.005139243234770668
REG,2025-12-31,0.029315509585356073
REG,2025-09-30,0.016091283345059035
REG,2025-06-30,0.015876464837900457
REG,2025-03-31,0.016357298922409738
REG,2024-12-31,0.012860666618482109
REGN,2026-03-31,0.023141842436894565
REGN,2025-12-31,0.02702123371159648
REGN,2025-09-30,0.047160973971018615
REGN,2025-06-30,0.04648133364953288
REGN,2025-03-31,0.027518409124937047
REGN,2024-12-31,
RF,2025-12-31,0.02804180013653311
RF,2025-09-30,0.029870334400755944
RF,2025-06-30,0.030161791492553304
RF,2025-03-31,0.02644360496492175
RF,2024-12-31,0.02986744225068516
RSG,2025-12-31,0.045454545454545456
RSG,2025-09-30,0.046331395838598265
RSG,2025-06-30,0.04564315352697095
RSG,2025-03-31,0.042441910314670324
RSG,2024-12-31,0.044892590968873304
RSG,2024-09-30,
RMD,2026-03-31,0.0614198192181008
RMD,2025-12-31,0.062110507098775344
RMD,2025-09-30,0.056938566936502004
RMD,2025-06-30,0.0636249951615814
RMD,2025-03-31,0.0658190129951806
RMD,2024-12-31,
RMD,2024-09-30,
RVTY,2025-12-31,0.013566774615329446
RVTY,2025-09-30,0.006324926490286739
RVTY,2025-06-30,0.007139597743194699
RVTY,2025-03-31,0.005530480691044935
RVTY,2024-12-31,0.012344666157289137
RVTY,2024-09-30,
HOOD,2026-03-31,0.03755767786243159
HOOD,2025-12-31,0.0661925601750547
HOOD,2025-09-30,0.06490019843585852
HOOD,2025-06-30,0.047819623389494546
HOOD,2025-03-31,0.042248208223311955
HOOD,2024-12-31,
HOOD,2024-09-30,
ROK,2025-12-31,0.0814201815269621
ROK,2025-09-30,0.03776683087027915
ROK,2025-06-30,0.08518625469246319
ROK,2025-03-31,0.07327711544053504
ROK,2024-12-31,0.054357459379615954
ROK,2024-09-30,
ROL,2026-03-31,0.07804801083891588
ROL,2025-12-31,0.08472620297586954
ROL,2025-09-30,0.1067375173623803
ROL,2025-06-30,0.09799282622893596
ROL,2025-03-31,0.07763071712230556
ROL,2024-12-31,
ROL,2024-09-30,
ROP,2025-12-31,0.021547669944420693
ROP,2025-09-30,0.019932175583209956
ROP,2025-06-30,0.019267695159902006
ROP,2025-03-31,0.017223620965896087
ROP,2024-12-31,0.024502321439928768
ROP,2024-09-30,
ROST,2026-01-31,0.10438318381276401
ROST,2025-10-31,0.08700455914189016
ROST,2025-07-31,0.08861559276477964
ROST,2025-04-30,0.08594732713566776
ROST,2025-01-31,0.1065099347545331
RCL,2026-03-31,0.09592252803261977
RCL,2025-12-31,0.07512204842084289
RCL,2025-09-30,0.15606420927467302
RCL,2025-06-30,0.13196640855055078
RCL,2025-03-31,0.09170854271356783
SPGI,2026-03-31,0.04475026465210278
SPGI,2025-12-31,0.03643139396665274
SPGI,2025-09-30,0.03549331482208071
SPGI,2025-06-30,0.03210542078466607
SPGI,2025-03-31,0.03266309070750052
CRM,2026-01-31,0.03285313313719523
CRM,2025-10-31,0.0347545025907599
CRM,2025-07-31,0.030768979911296634
CRM,2025-04-30,0.025401378037121287
CRM,2025-01-31,0.027920814738528435
SNDK,2026-03-31,0.2623938448138201
SNDK,2025-12-31,0.07862528150396553
SNDK,2025-09-30,0.011939025690224923
SNDK,2025-06-30,-0.002495659722222222
SNDK,2025-03-31,-0.21100316559327584
SNDK,2024-12-31,
SBAC,2025-12-31,-0.07629309785333074
SBAC,2025-09-30,-0.04799692256742676
SBAC,2025-06-30,-0.04571751373535983
SBAC,2025-03-31,-0.0444065960086531
SBAC,2024-12-31,-0.03397888584949563
SLB,2026-03-31,0.02872750888184284
SLB,2025-12-31,0.03155999846796124
SLB,2025-09-30,0.02882777452701385
SLB,2025-06-30,0.04994581814599547
SLB,2025-03-31,0.04084037919549065
SLB,2024-12-31,
STX,2026-03-31,0.6831050228310502
STX,2025-12-31,1.2919389978213507
STX,2025-09-30,-8.714285714285714
STX,2025-06-30,-1.0772626931567328
STX,2025-03-31,-0.4101326899879373
SRE,2025-12-31,0.011134307585247043
SRE,2025-09-30,0.0030476068266392918
SRE,2025-06-30,0.014913138064760223
SRE,2025-03-31,0.028961248144521997
SRE,2024-12-31,0.02163753921003777
NOW,2026-03-31,0.03998976807639836
NOW,2025-12-31,0.030931811169392164
NOW,2025-09-30,0.044420847712591804
NOW,2025-06-30,0.03521770947676546
NOW,2025-03-31,0.04536936581516915
SHW,2026-03-31,0.12066981110785133
SHW,2025-12-31,0.10369049431311572
SHW,2025-09-30,0.18825842315775201
SHW,2025-06-30,0.17148765025335727
SHW,2025-03-31,0.12200673107188688
SHW,2024-12-31,
SHW,2024-09-30,
SPG,2025-12-31,0.5854351196981415
SPG,2025-09-30,0.2583440407795163
SPG,2025-06-30,0.22719362939056287
SPG,2025-03-31,0.15909463362213716
SPG,2024-12-31,0.22708430704385735
SPG,2024-09-30,
SWKS,2025-12-31,0.013752626369619199
SWKS,2025-09-30,0.024560976880721196
SWKS,2025-06-30,0.018575851393188854
SWKS,2025-03-31,0.01156507247108732
SWKS,2024-12-31,0.025309731748090054
SJM,2026-01-31,-0.1383090468096484
SJM,2025-10-31,0.03981716775023927
SJM,2025-07-31,-0.007408157410688672
SJM,2025-04-30,-0.11985006411731826
SJM,2025-01-31,-0.09588406468518813
SJM,2024-10-31,
SW,2026-03-31,0.003599512681360062
SW,2025-12-31,0.0052927374911333
SW,2025-09-30,0.013345630119893669
SW,2025-06-30,-0.0015303055145652292
SW,2025-03-31,0.021495745633676667
SW,2024-12-31,
SNA,2026-03-31,0.04145616891290848
SNA,2025-12-31,0.043949559998651334
SNA,2025-09-30,0.045609211204674344
SNA,2025-06-30,0.04379319394628641
SNA,2025-03-31,0.043562527169975364
SNA,2024-12-31,
SOLV,2025-12-31,0.012475247524752476
SOLV,2025-09-30,0.2539109506618532
SOLV,2025-06-30,0.024691358024691357
SOLV,2025-03-31,0.04199877375843041
SOLV,2024-12-31,0.010476512335248395
SOLV,2024-09-30,
SO,2026-03-31,0.03652820429933732
SO,2025-12-31,0.011550422034651266
SO,2025-09-30,0.04888292097594423
SO,2025-06-30,0.025871699888281297
SO,2025-03-31,0.03942196873430066
SO,2024-12-31,
LUV,2026-03-31,0.03301818181818182
LUV,2025-12-31,0.04047111890740509
LUV,2025-09-30,0.006944444444444444
LUV,2025-06-30,0.026625
LUV,2025-03-31,-0.01591030432461292
LUV,2024-12-31,
SWK,2026-03-31,0.006639410919380173
SWK,2025-12-31,0.01747178229850021
SWK,2025-09-30,0.005725552226170452
SWK,2025-06-30,0.011243517599029019
SWK,2025-03-31,0.010224393774882374
SWK,2024-12-31,
SWK,2024-09-30,
SBUX,2026-03-31,-0.06035368749335507
SBUX,2025-12-31,-0.0349637011694303
SBUX,2025-09-30,-0.01645134994936146
SBUX,2025-06-30,-0.07263856362217018
SBUX,2025-03-31,-0.05040341095441128
SBUX,2024-09-30,
STT,2026-03-31,0.02753947083843991
STT,2025-12-31,0.026830932796954133
STT,2025-09-30,0.031148252658997178
STT,2025-06-30,0.02537810817739041
STT,2025-03-31,0.024127079274689045
STT,2024-12-31,
STLD,2026-03-31,0.044019885523594586
STLD,2025-12-31,0.029700524115731933
STLD,2025-09-30,0.04487811309704727
STLD,2025-06-30,0.03370084020265224
STLD,2025-03-31,0.02460715422943077
STLD,2024-09-30,
STE,2025-12-31,0.026948074638339505
STE,2025-09-30,0.02737869341284901
STE,2025-06-30,0.025499496909587464
STE,2025-03-31,0.022060134127771962
STE,2024-12-31,0.027041344891547064
STE,2024-09-30,
SYK,2025-12-31,0.03786797502230152
SYK,2025-09-30,0.039430801009869176
SYK,2025-06-30,0.041715822754943135
SYK,2025-03-31,0.031247013855709507
SYK,2024-12-31,0.026461180575748765
SMCI,2025-12-31,0.05728877869970245
SMCI,2025-09-30,0.025797169876398622
SMCI,2025-06-30,0.03096850322603783
SMCI,2025-03-31,0.017051506594982942
SMCI,2024-12-31,0.051391507343258355
SMCI,2024-09-30,
SYF,2026-03-31,0.04885598106451417
SYF,2025-12-31,0.04479303352021949
SYF,2025-09-30,0.06311163199531204
SYF,2025-06-30,0.057043416705993395
SYF,2025-03-31,0.045654664977986856
SNPS,2026-01-31,0.002126366423169047
SNPS,2025-10-31,0.01583953346986448
SNPS,2025-07-31,0.008781934409822133
SNPS,2025-04-30,0.034826726617275726
SNPS,2025-01-31,0.03177749701444159
SNPS,2024-10-31,
SYY,2026-03-31,0.14801915542011318
SYY,2025-12-31,0.1703898379325449
SYY,2025-09-30,0.23028543783260763
SYY,2025-06-30,0.2901639344262295
SYY,2025-03-31,0.20863683662851196
TMUS,2026-03-31,0.04481110971921473
TMUS,2025-12-31,0.035521848554971876
TMUS,2025-09-30,0.04487656464441027
TMUS,2025-06-30,0.052727183465069466
TMUS,2025-03-31,0.04832665084690287
TMUS,2024-12-31,
TMUS,2024-09-30,
TROW,2026-03-31,0.046225504750593824
TROW,2025-12-31,0.041003305678584914
TROW,2025-09-30,0.059743862406953625
TROW,2025-06-30,0.047838644003598316
TROW,2025-03-31,0.04718750901901931
TTWO,2025-12-31,-0.02657626730747225
TTWO,2025-09-30,-0.03901628835339025
TTWO,2025-06-30,-0.0034186560946881553
TTWO,2025-03-31,-1.743088366000842
TTWO,2024-12-31,-0.021957593083007418
TTWO,2024-09-30,
TPR,2025-12-31,1.0183236574746009
TPR,2025-09-30,0.6878598247809762
TPR,2025-06-30,-0.602821170435999
TPR,2025-03-31,0.13609586289998662
TPR,2024-12-31,0.2322484100261878
TRGP,2025-12-31,0.17764594673881157
TRGP,2025-09-30,0.1767400620659081
TRGP,2025-06-30,0.24307406978092036
TRGP,2025-03-31,0.11034961041080243
TRGP,2024-12-31,0.13539577225736768
TRGP,2024-09-30,
TGT,2026-01-31,0.06464583977729663
TGT,2025-10-31,0.04444874524224244
TGT,2025-07-31,0.060635538261997406
TGT,2025-04-30,0.06931156753863651
TGT,2025-01-31,0.07520796399836356
TEL,2026-03-31,0.06460631706211274
TEL,2025-12-31,0.05775005775005775
TEL,2025-09-30,0.05268176400476758
TEL,2025-06-30,0.051530571036265245
TEL,2025-03-31,0.0010757136946628052
TEL,2024-09-30,
TDY,2026-03-31,0.02118754904525242
TDY,2025-12-31,0.026212918136942525
TDY,2025-09-30,0.020898038027422166
TDY,2025-06-30,0.020227620965799033
TDY,2025-03-31,0.019002135977108772
TDY,2024-12-31,
TDY,2024-09-30,
TER,2026-03-31,0.12688656079108956
TER,2025-12-31,0.09200386872655371
TER,2025-09-30,0.04399922716692274
TER,2025-06-30,0.027622025297985655
TER,2025-03-31,0.03535157653318196
TER,2024-12-31,
TER,2024-09-30,
TSLA,2026-03-31,0.0056707404061058534
TSLA,2025-12-31,0.01022681617297929
TSLA,2025-09-30,0.017168938351881956
TSLA,2025-06-30,0.015158962154331686
TSLA,2025-03-31,0.005478681365785702
TSLA,2024-12-31,
TSLA,2024-09-30,
TXN,2026-03-31,0.0920848730480391
TXN,2025-12-31,0.07146807595403429
TXN,2025-09-30,0.08203524388043544
TXN,2025-06-30,0.0789489727488874
TXN,2025-03-31,0.07186395221260515
TXN,2024-12-31,
TXN,2024-09-30,
TPL,2025-12-31,0.08454685596820086
TPL,2025-09-30,0.08862660128482913
TPL,2025-06-30,0.09010476793406075
TPL,2025-03-31,0.1000218029822832
TPL,2024-12-31,0.10451537133597948
TXT,2026-03-31,0.02749312671832042
TXT,2025-12-31,0.029841269841269842
TXT,2025-09-30,0.03122914720405712
TXT,2025-06-30,0.0329611193327055
TXT,2025-03-31,0.02845360824742268
TXT,2024-12-31,
TMO,2026-03-31,0.031790961431074655
TMO,2025-12-31,0.036774205628475665
TMO,2025-09-30,0.03167509506448704
TMO,2025-06-30,0.0320128288887569
TMO,2025-03-31,0.030512249443207125
TJX,2026-01-31,0.17399411187438665
TJX,2025-10-31,0.15407629020194466
TJX,2025-07-31,0.1401985111662531
TJX,2025-04-30,0.12183935081735858
TJX,2025-01-31,0.16656737757655188
TKO,2025-12-31,-0.0006354717380968116
TKO,2025-09-30,0.010731413691352451
TKO,2025-06-30,0.023061527024058403
TKO,2025-03-31,0.014033637674195099
TKO,2024-12-31,0.00757878897283149
TKO,2024-09-30,
TTD,2025-12-31,0.07524982983757388
TTD,2025-09-30,0.0444277230037381
TTD,2025-06-30,0.03343270892521903
TTD,2025-03-31,0.01865435950592708
TTD,2024-12-31,0.061790451130751455
TSCO,2025-12-31,0.08809809657408128
TSCO,2025-09-30,0.1007576213913885
TSCO,2025-06-30,0.17268660234533145
TSCO,2025-03-31,0.08012767250082643
TSCO,2024-12-31,0.10412829125582403
TT,2025-12-31,0.06892251025736665
TT,2025-09-30,0.10179791744232132
TT,2025-06-30,0.1116642414030788
TT,2025-03-31,0.08075023361366973
TT,2024-12-31,0.08103360420521898
TT,2024-09-30,
TDG,2025-12-31,-0.04800431499460626
TDG,2025-09-30,-0.0629774932892835
TDG,2025-06-30,-0.09832134292565947
TDG,2025-03-31,-0.08446482101922059
TDG,2024-12-31,-0.07877916267178012
TDG,2024-09-30,
TRV,2026-03-31,0.053492152816857375
TRV,2025-12-31,0.0758800997142336
TRV,2025-09-30,0.05972982378436521
TRV,2025-06-30,0.051121349684938006
TRV,2025-03-31,0.014011563974318044
TRMB,2025-12-31,0.026832528014804152
TRMB,2025-09-30,0.0192573402417962
TRMB,2025-06-30,0.015681862133225505
TRMB,2025-03-31,0.012308316879186581
TRMB,2024-12-31,0.015699789393069118
TRMB,2024-09-30,
TFC,2026-03-31,0.023063506400473416
TFC,2025-12-31,0.020770375370077775
TFC,2025-09-30,0.022118636322091215
TFC,2025-06-30,0.019123997532387416
TFC,2025-03-31,0.019509553647404657
TFC,2024-12-31,
TFC,2024-09-30,
TYL,2026-03-31,0.02281469482183994
TYL,2025-12-31,0.017697740811048104
TYL,2025-09-30,0.023424495672354054
TYL,2025-06-30,0.023283288400285363
TYL,2025-03-31,0.023073962394781912
TSN,2025-12-31,0.004716195971813794
TSN,2025-09-30,0.0025988388166989216
TSN,2025-06-30,0.003326426000654379
TSN,2025-03-31,0.00038043478260869565
TSN,2024-12-31,0.019402259093120034
TSN,2024-09-30,
USB,2025-12-31,0.0313683984476861
USB,2025-09-30,0.03159141143037575
USB,2025-06-30,0.02954197727790618
USB,2025-03-31,0.02843783280085197
USB,2024-12-31,0.02838949776366554
UBER,2025-12-31,0.010946340741836471
UBER,2025-09-30,0.23551574607236794
UBER,2025-06-30,0.05996105850075228
UBER,2025-03-31,0.08081911262798634
UBER,2024-12-31,0.31927822618053625
UDR,2025-12-31,0.06778305481407418
UDR,2025-09-30,0.012338754051187097
UDR,2025-06-30,0.011330852594549592
UDR,2025-03-31,0.023031818252776007
UDR,2024-12-31,-0.0014649142296203682
ULTA,2026-01-31,0.12722783455105868
ULTA,2025-10-31,0.0876846837882366
ULTA,2025-07-31,0.10018779811510603
ULTA,2025-04-30,0.12552015119102433
ULTA,2025-01-31,0.1580442967697911
ULTA,2024-10-31,
UNP,2026-03-31,0.08759913482335976
UNP,2025-12-31,0.1000703958412303
UNP,2025-09-30,0.10332871012482663
UNP,2025-06-30,0.11538934678312215
UNP,2025-03-31,0.10137789138973752
UNP,2024-12-31,
UNP,2024-09-30,
UAL,2026-03-31,0.04402872260015117
UAL,2025-12-31,0.06831566548881036
UAL,2025-09-30,0.06632189531064366
UAL,2025-06-30,0.07275310303574099
UAL,2025-03-31,0.030675332910589728
UAL,2024-12-31,
UAL,2024-09-30,
UPS,2025-12-31,0.11037160288408208
UPS,2025-09-30,0.08285407318460469
UPS,2025-06-30,0.08146031746031746
UPS,2025-03-31,0.07579821200510856
UPS,2024-12-31,0.10294293575786577
URI,2026-03-31,0.05921052631578947
URI,2025-12-31,0.07281445138269402
URI,2025-09-30,0.07788888888888888
URI,2025-06-30,0.06884338682899833
URI,2025-03-31,0.058937307998634655
UNH,2025-12-31,0.00010625863351397301
UNH,2025-09-30,0.02451272093290321
UNH,2025-06-30,0.03595709640640175
UNH,2025-03-31,0.06620509690860497
UNH,2024-12-31,0.059822141639146106
UNH,2024-09-30,
UHS,2025-12-31,0.061291059447548805
UHS,2025-09-30,0.052018545284993375
UHS,2025-06-30,0.05024403816303957
UHS,2025-03-31,0.046669390079350344
UHS,2024-12-31,0.049862988053026254
VLO,2026-03-31,0.05291160452450775
VLO,2025-12-31,0.04779768177028451
VLO,2025-09-30,0.0460974993685274
VLO,2025-06-30,0.02965362571642163
VLO,2025-03-31,-0.025329927628778205
VTR,2026-03-31,0.004259973589260892
VTR,2025-12-31,0.00560394206136014
VTR,2025-09-30,0.005342776739284273
VTR,2025-06-30,0.005920869347098042
VTR,2025-03-31,0.004086295573577951
VTR,2024-12-31,
VLTO,2026-03-31,0.08452579034941764
VLTO,2025-12-31,0.0818035426731079
VLTO,2025-09-30,0.08394801545486477
VLTO,2025-06-30,0.08367885412740295
VLTO,2025-03-31,0.09774109470026064
VLTO,2024-12-31,
VRSN,2026-03-31,-0.09690973163458932
VRSN,2025-12-31,-0.09571998885897316
VRSN,2025-09-30,-0.10377956595952206
VRSN,2025-06-30,-0.1040224696559334
VRSN,2025-03-31,-0.10080930703085483
VRSK,2026-03-31,-0.20056521366789415
VRSK,2025-12-31,0.6381877022653721
VRSK,2025-09-30,0.5986195911866207
VRSK,2025-06-30,0.8126403593198588
VRSK,2025-03-31,1.8886178861788618
VRSK,2024-12-31,
VRSK,2024-09-30,
VZ,2026-03-31,0.04883408028342158
VZ,2025-12-31,0.022420065096687727
VZ,2025-09-30,0.04712400753984121
VZ,2025-06-30,0.048543124108554964
VZ,2025-03-31,0.04844026131331784
VRTX,2025-12-31,0.06381189126638022
VRTX,2025-09-30,0.06252742684250641
VRTX,2025-06-30,0.06013833738952223
VRTX,2025-03-31,0.039178482447579155
VRTX,2024-12-31,0.05563816302652106
VRT,2026-03-31,0.09189851351033004
VRT,2025-12-31,0.11305914292238602
VRT,2025-09-30,0.11357482828397983
VRT,2025-06-30,0.10373072246752416
VRT,2025-03-31,0.061693669366936696
VRT,2024-12-31,
VTRS,2025-12-31,-0.02311828322446011
VTRS,2025-09-30,-0.008424455893176322
VTRS,2025-06-30,-0.000295430461449536
VTRS,2025-03-31,-0.19437202882993407
VTRS,2024-12-31,-0.027715918542566605
VICI,2026-03-31,0.030948268439786746
VICI,2025-12-31,0.0217560555500395
VICI,2025-09-30,0.027536724636620137
VICI,2025-06-30,0.032010974061970766
VICI,2025-03-31,0.02042931141517422
VICI,2024-12-31,
VICI,2024-09-30,
V,2026-03-31,0.16883990914444352
V,2025-12-31,0.15093999020037652
V,2025-09-30,0.13426890711968134
V,2025-06-30,0.13635423132629837
V,2025-03-31,0.12035235340520642
VST,2025-12-31,0.04571316460663135
VST,2025-09-30,0.12514395393474087
VST,2025-06-30,0.06780012440389799
VST,2025-03-31,-0.0555440414507772
VST,2024-12-31,0.07917414721723519
VST,2024-09-30,
VMC,2026-03-31,0.019582786080248007
VMC,2025-12-31,0.02955977055987613
VMC,2025-09-30,0.042923221359712396
VMC,2025-06-30,0.038171026180875235
VMC,2025-03-31,0.015846866893694446
VMC,2024-12-31,
VMC,2024-09-30,
WRB,2026-03-31,0.052899363933651966
WRB,2025-12-31,0.04633743257527355
WRB,2025-09-30,0.05215201882008701
WRB,2025-06-30,0.04317460891274089
WRB,2025-03-31,0.04684419711423744
GWW,2025-12-31,0.12071734475374732
GWW,2025-09-30,0.08256107834877843
GWW,2025-06-30,0.13119216113228088
GWW,2025-03-31,0.13764367816091955
GWW,2024-12-31,0.14145324597974984
WAB,2026-03-31,0.032603800774565435
WAB,2025-12-31,0.01812959971279842
WAB,2025-09-30,0.028059377262853007
WAB,2025-06-30,0.031108230719377836
WAB,2025-03-31,0.031057098765432098
WMT,2026-01-31,0.04253290101087164
WMT,2025-10-31,0.06392698815742918
WMT,2025-07-31,0.0779713683275996
WMT,2025-04-30,0.05354862578019644
WMT,2025-01-31,0.05772801687670992
WMT,2024-10-31,
DIS,2025-12-31,0.022143146871197315
DIS,2025-09-30,0.011950595709435782
DIS,2025-06-30,0.048211095331897935
DIS,2025-03-31,0.03138807157438733
DIS,2024-12-31,0.025055673824963456
DIS,2024-09-30,
WBD,2025-12-31,-0.007015785517414182
WBD,2025-09-30,-0.004109056582819701
WBD,2025-06-30,0.043829232433632
WBD,2025-03-31,-0.013388107341293297
WBD,2024-12-31,-0.01451361753386021
WBD,2024-09-30,
WM,2026-03-31,0.07214848817483285
WM,2025-12-31,0.07427427427427427
WM,2025-09-30,0.06334699023006618
WM,2025-06-30,0.07890446690577112
WM,2025-03-31,0.07364161849710983
WM,2024-12-31,
WAT,2025-12-31,0.08793155820496462
WAT,2025-09-30,0.06389644625010672
WAT,2025-06-30,0.06811287278707591
WAT,2025-03-31,0.06185343740333887
WAT,2024-12-31,0.12655024016861843
WAT,2024-09-30,
WEC,2025-12-31,0.023226326590442686
WEC,2025-09-30,0.01997235050151484
WEC,2025-06-30,0.018538499264345268
WEC,2025-03-31,0.05570420261106242
WEC,2024-12-31,0.03652196307563539
WFC,2026-03-31,0.029445727482678985
WFC,2025-12-31,0.02959965105429087
WFC,2025-09-30,0.03085220309791669
WFC,2025-06-30,0.03033498793557542
WFC,2025-03-31,0.0270252360704622
WFC,2024-12-31,
WELL,2026-03-31,0.016638749773797243
WELL,2025-12-31,0.0022891561632184653
WELL,2025-09-30,0.007238958574978988
WELL,2025-06-30,0.008409013282980868
WELL,2025-03-31,0.00759663194005058
WELL,2024-12-31,
WELL,2024-09-30,
WST,2026-03-31,0.046415195291599785
WST,2025-12-31,0.04159319899244333
WST,2025-09-30,0.045879075864329016
WST,2025-06-30,0.044996756682940155
WST,2025-03-31,0.03346874883530245
WST,2024-12-31,
WDC,2026-03-31,0.33109504132231404
WDC,2025-12-31,0.2509536784741144
WDC,2025-09-30,0.19323197645904855
WDC,2025-06-30,0.0463898916967509
WDC,2025-03-31,0.09692933777284499
WDC,2024-12-31,
WDC,2024-09-30,
WY,2026-03-31,0.016527174488822967
WY,2025-12-31,0.007850625928283471
WY,2025-09-30,0.008476372112735749
WY,2025-06-30,0.009134817303653927
WY,2025-03-31,0.00860549507516848
WY,2024-12-31,
WSM,2026-01-31,0.17671528153584123
WSM,2025-10-31,0.11682635720841526
WSM,2025-07-31,0.11516139956533389
WSM,2025-04-30,0.10700299267654849
WSM,2025-01-31,0.1796506659061556
WMB,2025-12-31,0.057312407277270244
WMB,2025-09-30,0.051677316293929715
WMB,2025-06-30,0.04389773275446213
WMB,2025-03-31,0.05533755105309522
WMB,2024-12-31,0.0390800900611129
WMB,2024-09-30,
WTW,2026-03-31,0.03723204212109816
WTW,2025-12-31,0.09215145436308927
WTW,2025-09-30,0.03930187459599224
WTW,2025-06-30,0.0408641975308642
WTW,2025-03-31,0.0288946268289684
WTW,2024-12-31,
WTW,2024-09-30,
WDAY,2026-01-31,0.018577834721332478
WDAY,2025-10-31,0.028381574501633068
WDAY,2025-07-31,0.024858264282599216
WDAY,2025-04-30,0.007624173113577755
WDAY,2025-01-31,0.010405136152313482
WYNN,2025-12-31,-0.3630885833345433
WYNN,2025-09-30,-0.23873236011047394
WYNN,2025-06-30,-0.14997055759387598
WYNN,2025-03-31,-0.20169514081812587
WYNN,2024-12-31,-1.235594059626786
WYNN,2024-09-30,
XEL,2026-03-31,0.023355456607577922
XEL,2025-12-31,0.02401626498369266
XEL,2025-09-30,0.02473915301449412
XEL,2025-06-30,0.021182195505939604
XEL,2025-03-31,0.024389012320743284
XYL,2026-03-31,0.017590229675537732
XYL,2025-12-31,0.029181184668989547
XYL,2025-09-30,0.020255197644329436
XYL,2025-06-30,0.02040816326530612
XYL,2025-03-31,0.015625
XYL,2024-12-31,
YUM,2025-12-31,-0.07303754266211604
YUM,2025-09-30,-0.05289806795469687
YUM,2025-06-30,-0.04869791666666667
YUM,2025-03-31,-0.032419272168118914
YUM,2024-12-31,-0.05530857740585774
ZBRA,2025-12-31,0.01950947603121516
ZBRA,2025-09-30,0.02695489725113424
ZBRA,2025-06-30,0.03096488802875311
ZBRA,2025-03-31,0.03750689464975179
ZBRA,2024-12-31,0.045454545454545456
ZBRA,2024-09-30,
ZBH,2026-03-31,0.018787529688400022
ZBH,2025-12-31,0.010970490718791592
ZBH,2025-09-30,0.018100576176851017
ZBH,2025-06-30,0.012199600798403194
ZBH,2025-03-31,0.01468322159563053
ZBH,2024-12-31,
ZTS,2025-12-31,0.18102671870309217
ZTS,2025-09-30,0.13356798814375695
ZTS,2025-06-30,0.144263612618043
ZTS,2025-03-31,0.1355531686358754
ZTS,2024-12-31,0.12180293501048219
ZTS,2024-09-30,
